Date,DOY,2005,2006,2007,2008,2009,2010,2011,2012,2013,2014,2015,2016,2017,2018,2019,2020,,,,
1-Jan,1,0.3,NA,NA,1.2,0.8,0.8,0.5,1.9,NA,2.2,1.3,1.0,1.6,-0.7,2.6,2.5,,,,
2-Jan,2,0.3,NA,NA,1.2,0.7,0.9,0.6,1.7,NA,1.7,1.7,0.8,1.1,-0.6,2.6,2.7,,,,
3-Jan,3,0.1,NA,NA,1.6,0.5,1.2,0.9,1.9,NA,1.2,1.8,0.6,0.5,-1.2,2.8,2.3,,,,
4-Jan,4,0.1,NA,NA,1.6,0.2,1.4,1.1,2.4,NA,1.0,1.2,0.7,0.3,0.0,3.2,2.7,,,,
5-Jan,5,NA,NA,NA,1.6,0.4,1.4,1.3,2.7,NA,0.7,0.7,0.5,0.5,0.5,3.3,2.7,,,,
6-Jan,6,0.4,NA,NA,1.6,1.0,1.0,1.5,2.5,NA,0.8,1.2,1.3,0.6,1.2,3.2,2.4,,,,
7-Jan,7,0.7,NA,NA,1.4,1.0,0.4,1.6,2.1,NA,1.0,1.6,1.6,0.6,1.5,3.0,2.2,,,,
8-Jan,8,0.7,NA,NA,1.2,1.1,0.4,1.8,2.0,NA,1.3,1.8,2.0,0.3,1.4,2.5,2.2,,,,
9-Jan,9,0.4,NA,NA,1.4,1.3,0.9,1.5,2.3,NA,1.4,1.8,2.0,0.2,1.4,2.1,2.1,,,,
10-Jan,10,NA,NA,NA,1.5,1.3,1.4,1.0,2.5,NA,1.6,1.6,2.0,0.2,1.3,2.3,1.6,,,,
11-Jan,11,NA,NA,NA,1.7,1.2,1.6,0.8,1.7,1.7,1.6,1.6,1.7,0.2,1.0,2.6,1.3,,,,
12-Jan,12,0.0,NA,NA,1.8,1.4,1.8,0.6,1.0,1.1,1.8,1.4,1.7,0.2,0.5,2.7,1.5,,,,
13-Jan,13,NA,NA,NA,1.8,1.6,1.9,0.7,0.8,0.7,2.1,1.4,1.9,0.2,0.6,2.6,0.5,,,,
14-Jan,14,0.0,NA,NA,1.6,1.5,1.8,0.7,0.7,0.9,2.4,1.3,2.1,0.2,1.0,2.4,0.1,,,,
15-Jan,15,0.0,NA,NA,1.5,1.3,1.9,1.1,0.4,1.3,2.4,1.1,2.1,0.2,1.4,2.2,-2.4,,,,
16-Jan,16,0.0,NA,NA,1.0,1.2,1.9,1.2,0.3,1.6,2.3,1.2,1.8,0.2,1.6,2.0,0.0,,,,
17-Jan,17,0.0,NA,NA,1.0,1.3,1.7,1.8,0.1,1.4,2.1,1.4,1.7,0.2,1.8,1.8,0.0,,,,
18-Jan,18,0.1,NA,NA,1.1,1.1,1.7,2.3,NA,1.4,2.0,1.5,2.0,0.4,1.7,2.1,-0.7,,,,
19-Jan,19,0.8,NA,NA,1.3,0.9,1.8,1.7,NA,1.6,1.9,1.8,2.1,0.7,1.9,2.4,NA,,,,
20-Jan,20,1.3,NA,NA,1.3,0.8,1.7,1.3,NA,1.5,1.8,1.8,2.2,1.0,1.9,2.6,0.1,,,,
21-Jan,21,1.2,NA,NA,0.9,0.8,1.7,1.5,0.0,1.3,1.7,1.5,2.2,1.1,2.0,2.4,0.4,,,,
22-Jan,22,1.2,NA,NA,0.4,0.7,1.7,1.7,0.1,1.2,1.7,1.5,2.2,1.4,2.1,2.0,0.9,,,,
23-Jan,23,1.6,NA,NA,0.2,0.7,1.6,1.6,0.2,1.2,1.7,1.8,2.4,1.5,2.0,2.0,1.2,,,,
24-Jan,24,1.3,NA,NA,0.2,0.4,1.4,1.5,0.4,1.3,1.7,2.1,2.5,1.5,1.8,2.2,1.3,,,,
25-Jan,25,0.1,NA,NA,0.2,0.1,1.5,1.6,0.9,1.7,1.8,2.4,2.3,1.4,2.0,2.4,1.5,,,,
26-Jan,26,0.2,NA,NA,0.2,NA,1.7,1.8,1.1,1.9,1.9,2.3,2.3,1.4,2.1,2.5,1.5,,,,
27-Jan,27,0.7,NA,NA,0.4,0.0,1.9,1.9,1.0,1.6,1.9,2.2,2.4,1.4,1.9,2.4,1.6,,,,
28-Jan,28,0.8,NA,NA,0.2,0.3,1.9,1.6,0.9,1.7,1.9,2.2,2.8,1.4,1.8,2.1,1.7,,,,
29-Jan,29,1.2,NA,NA,0.0,0.7,2.0,1.6,1.2,1.7,2.0,1.9,3.0,1.5,1.9,1.8,1.6,,,,
30-Jan,30,1.5,NA,NA,0.0,0.9,2.0,1.3,1.7,1.9,2.0,1.5,2.6,1.6,2.2,1.6,1.8,,,,
31-Jan,31,1.9,NA,NA,0.0,0.9,2.0,0.7,1.6,2.1,1.5,1.1,2.5,1.3,2.3,1.8,1.9,,,,
1-Feb,32,2.1,NA,NA,0.0,0.9,2.1,0.2,1.6,2.3,0.9,1.1,2.5,0.9,2.2,2.2,2.6,,,,
2-Feb,33,2.4,NA,NA,0.1,0.9,2.2,0.3,1.6,2.3,0.5,1.5,2.4,0.7,2.3,2.5,2.4,,,,
3-Feb,34,2.7,NA,NA,0.2,1.1,2.2,0.8,1.5,2.2,-2.0,1.7,1.9,0.5,2.7,1.4,1.8,,,,
4-Feb,35,2.7,NA,NA,0.1,1.1,2.2,1.4,1.4,2.2,-2.9,1.7,1.8,0.4,2.5,-0.7,1.5,,,,
5-Feb,36,2.3,NA,NA,0.2,1.1,2.2,1.4,1.2,2.5,-6.1,1.9,2.2,0.6,2.1,-4.2,1.4,,,,
6-Feb,37,2.0,NA,NA,0.3,1.1,2.2,1.1,1.1,2.6,-6.5,2.5,2.6,0.7,1.9,-4.1,1.7,,,,
7-Feb,38,1.6,NA,NA,0.3,1.1,2.2,1.3,1.1,2.6,-5.8,3.0,2.5,0.5,2.2,-3.9,1.8,,,,
8-Feb,39,0.8,NA,NA,0.6,1.0,2.1,1.2,1.1,2.6,-5.1,3.2,2.3,0.3,2.8,-3.0,1.9,,,,
9-Feb,40,0.2,NA,NA,0.6,1.1,2.1,1.0,1.3,2.3,-4.6,3.2,2.4,0.2,2.4,-3.7,1.8,,,,
10-Feb,41,0.7,NA,NA,0.7,1.2,2.0,0.9,1.5,2.3,-2.9,3.2,2.4,0.3,1.5,0.0,1.7,,,,
11-Feb,42,1.2,NA,NA,0.8,0.9,1.9,1.1,1.7,2.2,0.8,3.2,2.6,0.9,1.2,-0.5,1.7,,,,
12-Feb,43,1.6,NA,NA,1.1,1.0,2.1,1.5,1.8,2.3,2.6,3.3,2.8,1.4,0.9,-0.9,2.0,,,,
13-Feb,44,2.0,NA,NA,1.2,1.0,2.4,1.8,1.8,2.5,3.5,3.3,2.9,1.4,1.1,-0.5,2.1,,,,
14-Feb,45,2.0,NA,NA,1.1,1.2,2.6,1.9,1.7,2.6,1.9,3.7,3.0,1.2,1.6,-0.6,2.1,,,,
15-Feb,46,1.8,NA,NA,1.1,1.3,2.9,1.8,1.5,2.5,1.8,3.7,3.1,1.2,2.1,-0.2,2.1,,,,
16-Feb,47,1.4,NA,NA,1.3,1.3,2.5,1.9,1.4,2.6,1.5,3.2,3.2,1.6,2.0,-0.1,2.2,,,,
17-Feb,48,1.1,NA,NA,1.4,1.2,2.4,1.8,1.6,2.7,1.5,2.9,3.0,2.2,1.8,0.0,2.2,,,,
18-Feb,49,0.8,NA,NA,1.2,1.2,2.3,1.5,1.8,2.5,1.5,2.7,3.0,1.9,1.3,-0.4,2.0,,,,
19-Feb,50,0.9,NA,NA,1.1,1.2,2.1,0.7,2.0,2.4,1.4,2.7,3.1,1.9,0.8,0.0,1.7,,,,
20-Feb,51,1.2,NA,NA,1.2,1.2,2.0,0.4,1.9,2.1,1.5,2.8,3.0,2.0,0.5,0.0,1.5,,,,
21-Feb,52,1.3,NA,NA,1.3,1.1,1.9,0.5,2.0,2.1,1.7,3.1,2.7,2.0,0.5,0.0,1.5,,,,
22-Feb,53,1.4,NA,NA,1.2,1.1,1.9,0.9,2.3,2.2,1.6,3.1,2.6,1.8,0.5,0.1,1.7,,,,
23-Feb,54,1.3,NA,NA,1.4,1.3,1.9,1.1,2.2,2.4,1.4,3.1,2.5,1.6,0.7,0.3,1.8,,,,
24-Feb,55,1.4,NA,NA,1.5,1.6,2.0,0.5,1.8,2.7,1.0,3.0,2.5,1.6,1.1,0.8,2.0,,,,
25-Feb,56,1.6,NA,NA,1.5,1.2,2.4,0.1,1.9,2.6,1.0,3.0,2.6,1.5,1.3,0.6,2.1,,,,
26-Feb,57,1.8,NA,NA,1.5,0.4,2.6,0.1,2.0,2.8,1.5,3.2,2.8,1.6,1.5,-1.1,2.3,,,,
27-Feb,58,2.0,NA,NA,1.7,0.5,2.7,0.3,1.7,2.9,3.7,3.4,3.2,1.4,1.5,-0.9,2.3,,,,
28-Feb,59,2.3,NA,NA,2.1,0.6,3.0,0.7,1.1,2.8,4.1,3.2,3.7,1.2,1.7,-0.3,2.8,,,,
1-Mar,60,2.6,NA,NA,2.2,0.9,3.2,0.5,1.6,2.8,-0.5,2.9,3.9,1.5,1.7,0.2,2.9,,,,
2-Mar,61,2.9,NA,NA,2.2,1.4,3.2,0.3,1.8,3.0,-1.3,3.1,3.6,1.9,1.8,0.9,NA,,,,
3-Mar,62,3.1,NA,NA,2.1,1.8,3.3,0.5,2.0,3.2,-0.1,2.8,4.0,2.2,1.9,-0.2,2.6,,,,
4-Mar,63,3.1,NA,NA,2.3,1.9,3.1,1.1,2.5,3.4,0.9,2.5,4.3,2.2,1.7,0.5,2.8,,,,
5-Mar,64,3.4,NA,NA,2.3,1.9,3.1,1.4,2.9,3.1,1.5,2.6,4.5,2.0,1.7,-0.7,2.6,,,,
6-Mar,65,3.9,NA,NA,2.0,1.5,3.0,1.8,2.2,3.0,1.9,2.8,4.9,1.9,1.8,-0.5,2.7,,,,
7-Mar,66,4.1,NA,NA,2.1,1.2,2.8,1.7,1.8,3.2,3.8,3.0,5.0,1.9,1.9,1.8,2.8,,,,
8-Mar,67,4.2,NA,NA,2.4,1.2,2.7,1.6,1.8,3.3,2.4,3.3,4.9,2.0,2.1,2.4,2.8,,,,
9-Mar,68,4.4,NA,NA,2.7,0.9,2.6,1.6,2.1,3.5,2.4,3.8,4.6,2.0,2.3,2.8,2.5,,,,
10-Mar,69,4.5,NA,NA,2.7,0.5,2.2,1.6,2.5,3.3,2.7,4.4,4.2,1.8,2.6,3.6,2.3,,,,
11-Mar,70,4.3,NA,NA,2.8,0.3,2.1,2.0,2.9,3.6,2.7,4.7,4.3,1.8,2.5,3.1,2.6,,,,
12-Mar,71,3.8,NA,NA,3.0,0.7,2.4,2.2,2.8,3.7,2.5,5.2,4.6,2.1,2.5,1.7,2.8,,,,
13-Mar,72,3.3,NA,NA,2.8,1.1,2.4,2.1,2.3,3.9,2.6,5.3,4.7,2.3,2.6,5.2,2.7,,,,
14-Mar,73,3.4,NA,NA,2.7,1.8,2.6,2.1,2.1,4.3,2.7,5.4,4.5,2.8,2.8,5.6,2.0,,,,
15-Mar,74,3.2,NA,NA,2.7,2.0,3.0,2.6,2.1,4.7,3.0,5.0,4.6,3.2,2.9,6.9,1.3,,,,
16-Mar,75,3.3,NA,NA,2.8,1.8,3.3,2.8,2.3,4.7,3.0,4.2,4.6,3.6,2.8,8.4,1.2,,,,
17-Mar,76,3.2,NA,NA,2.8,1.8,3.6,2.8,2.6,4.3,3.0,3.6,4.7,3.3,2.7,9.0,1.7,,,,
18-Mar,77,3.3,NA,NA,2.7,2.0,4.0,2.5,2.7,4.1,2.9,3.2,4.5,3.1,3.1,9.5,2.2,,,,
19-Mar,78,3.3,NA,NA,2.8,2.2,4.1,2.4,2.5,4.1,2.9,3.3,4.4,3.0,3.1,9.8,2.6,,,,
20-Mar,79,3.0,NA,NA,2.8,2.7,4.1,2.5,2.3,3.9,3.0,3.9,4.6,3.0,3.2,10.0,2.8,,,,
21-Mar,80,3.1,NA,NA,2.8,2.6,4.1,2.6,2.5,3.9,3.0,4.4,4.8,2.9,3.3,8.8,3.0,,,,
22-Mar,81,2.9,NA,NA,2.9,2.4,4.3,2.9,2.7,4.2,2.8,4.4,5.2,3.1,3.3,4.3,3.2,,,,
23-Mar,82,2.9,NA,NA,2.7,2.5,4.3,3.0,2.8,4.3,2.9,4.2,5.5,3.6,3.2,3.4,3.5,,,,
24-Mar,83,3.0,NA,NA,2.9,2.4,4.3,3.0,2.8,4.0,3.1,4.1,5.6,3.7,3.1,3.4,3.7,,,,
25-Mar,84,3.2,NA,NA,3.1,2.6,4.5,3.1,3.0,4.1,3.1,4.1,5.7,3.8,3.1,3.4,3.6,,,,
26-Mar,85,3.5,NA,NA,3.2,2.7,4.7,3.2,3.3,4.4,3.2,4.5,5.7,3.8,3.1,3.3,3.5,,,,
27-Mar,86,3.8,NA,NA,NA,2.7,5.1,3.3,3.7,4.8,3.3,4.7,5.6,3.6,3.3,3.3,3.9,,,,
28-Mar,87,4.5,NA,NA,NA,2.9,5.2,3.4,3.9,5.3,3.4,5.4,5.7,3.6,3.7,3.3,4.4,,,,
29-Mar,88,4.8,NA,NA,NA,3.0,5.1,3.5,4.3,5.6,3.3,5.5,5.9,3.9,4.0,3.1,4.5,,,,
30-Mar,89,4.8,NA,NA,NA,2.8,4.7,3.8,4.4,5.9,3.6,5.5,6.2,3.8,3.9,3.1,4.6,,,,
31-Mar,90,5.0,NA,NA,NA,2.9,4.7,4.1,4.6,6.1,3.9,5.2,6.4,3.6,3.8,2.5,4.6,,,,
1-Apr,91,5.0,NA,NA,NA,2.9,4.5,4.1,4.6,6.4,3.8,5.1,6.8,3.4,3.3,2.3,4.4,,,,
2-Apr,92,5.1,NA,NA,NA,2.9,4.0,4.0,4.6,6.5,5.8,5.1,7.3,3.7,3.2,2.4,3.7,,,,
3-Apr,93,5.1,NA,NA,NA,3.1,3.9,3.5,4.5,6.8,4.4,5.0,7.8,3.2,3.2,2.6,3.4,,,,
4-Apr,94,5.0,NA,NA,NA,3.4,4.1,3.3,4.8,6.8,4.4,5.0,7.9,3.0,3.3,3.1,3.0,,,,
5-Apr,95,5.0,NA,NA,NA,3.3,4.7,3.2,4.9,6.4,4.5,5.2,7.8,3.2,3.4,3.5,3.0,,,,
6-Apr,96,5.1,NA,NA,NA,3.5,4.9,3.2,4.7,6.1,4.7,5.5,7.6,3.9,3.6,4.1,3.4,,,,
7-Apr,97,5.7,NA,NA,NA,3.9,5.3,3.3,4.6,5.9,4.8,5.9,7.9,4.4,3.5,4.4,3.8,,,,
8-Apr,98,6.0,NA,NA,NA,4.1,5.7,3.2,4.7,5.2,5.0,6.2,7.7,4.6,3.9,4.6,4.3,,,,
9-Apr,99,6.3,NA,NA,NA,4.3,5.9,3.5,5.0,4.9,5.1,6.4,7.8,4.5,4.2,4.3,4.9,,,,
10-Apr,100,6.5,NA,NA,NA,4.2,6.0,4.1,5.3,5.0,5.1,6.6,8.0,4.3,4.4,4.5,5.1,,,,
11-Apr,101,6.4,NA,NA,NA,4.3,6.0,4.5,5.5,5.2,4.8,6.7,8.2,4.7,4.6,4.2,5.7,,,,
12-Apr,102,6.3,NA,NA,NA,4.1,6.1,4.8,5.7,5.1,5.1,6.9,8.2,4.6,4.8,4.4,5.8,,,,
13-Apr,103,6.0,NA,NA,NA,3.7,6.2,4.9,5.9,5.0,4.8,6.9,8.1,4.8,4.6,4.6,5.6,,,,
14-Apr,104,6.1,NA,NA,NA,3.3,6.7,4.8,6.0,5.2,4.7,6.9,8.4,5.0,4.6,4.8,5.6,,,,
15-Apr,105,6.4,NA,NA,NA,2.8,7.2,4.8,5.7,5.0,4.8,6.8,8.5,5.1,5.0,5.3,5.9,,,,
16-Apr,106,6.2,NA,NA,NA,3.1,7.6,5.0,5.1,5.0,4.9,7.0,8.3,5.3,4.9,5.0,6.1,,,,
17-Apr,107,6.5,NA,NA,NA,3.6,8.0,5.1,4.9,5.3,5.0,7.4,8.3,5.6,4.7,5.3,6.1,,,,
18-Apr,108,6.9,NA,NA,NA,3.9,8.5,4.7,4.8,5.6,5.2,7.8,9.0,6.0,4.8,6.0,6.3,,,,
19-Apr,109,7.3,NA,NA,NA,3.9,8.9,4.7,4.9,6.0,5.1,7.8,9.5,6.5,4.8,6.4,6.4,,,,
20-Apr,110,7.6,NA,NA,NA,4.1,9.3,4.6,5.2,6.7,4.7,8.1,9.5,6.8,5.4,6.8,5.8,,,,
21-Apr,111,8.1,NA,NA,NA,4.4,9.7,4.7,5.8,6.1,4.5,8.6,9.8,6.6,5.6,7.0,5.7,,,,
22-Apr,112,8.7,NA,NA,NA,4.5,9.7,5.2,5.9,5.7,4.8,9.1,10.0,6.9,5.5,7.0,5.9,,,,
23-Apr,113,9.6,NA,NA,NA,4.0,9.2,5.5,6.1,5.4,5.3,9.1,10.2,7.1,5.5,7.3,5.8,,,,
24-Apr,114,10.1,NA,NA,NA,3.6,8.3,5.8,6.2,5.4,5.4,9.2,10.3,7.5,5.6,7.6,5.5,,,,
25-Apr,115,10.0,NA,NA,NA,3.7,8.0,6.2,6.1,6.0,5.5,9.0,10.2,7.7,5.8,7.7,5.5,,,,
26-Apr,116,10.3,NA,NA,NA,3.7,7.8,6.6,6.0,6.8,5.6,8.9,9.8,7.7,6.0,7.6,5.6,,,,
27-Apr,117,10.5,NA,NA,5.8,4.5,8.3,7.0,6.6,7.4,5.7,8.8,9.6,7.8,6.4,7.3,5.4,,,,
28-Apr,118,9.9,NA,NA,6.4,4.8,8.8,7.1,6.8,8.0,5.9,8.9,9.7,7.9,6.8,7.1,5.0,,,,
29-Apr,119,9.3,NA,NA,6.9,5.1,8.9,7.0,6.8,7.5,5.8,9.6,9.7,7.9,7.1,7.1,5.3,,,,
30-Apr,120,9.3,NA,NA,6.9,5.4,8.8,6.9,6.8,6.9,6.0,9.5,9.7,7.7,7.5,7.1,5.6,,,,
1-May,121,9.1,NA,NA,6.4,5.8,9.1,6.8,7.0,6.4,7.0,9.3,9.9,7.7,7.8,7.3,6.2,,,,
2-May,122,9.3,NA,NA,6.4,6.2,8.9,6.7,6.8,6.4,8.0,9.2,10.4,8.2,7.6,7.7,6.7,,,,
3-May,123,9.6,NA,NA,6.1,6.8,8.6,6.6,7.0,7.0,8.5,9.2,11.0,9.0,8.0,8.5,7.1,,,,
4-May,124,10.0,NA,NA,6.3,7.3,8.6,6.9,7.3,7.9,8.0,9.3,11.3,9.4,8.2,9.2,7.4,,,,
5-May,125,10.2,NA,NA,6.6,7.7,8.7,7.2,7.5,8.6,7.2,9.5,11.3,9.7,8.7,9.7,7.9,,,,
6-May,126,10.6,NA,NA,7.0,7.5,8.7,7.4,7.9,9.3,7.0,9.3,11.2,9.7,9.0,9.5,8.1,,,,
7-May,127,10.5,NA,NA,7.3,7.9,8.6,7.5,8.3,10.0,7.2,9.1,11.2,9.6,8.9,9.6,8.1,,,,
8-May,128,10.2,NA,NA,7.3,8.1,8.7,7.6,8.6,10.2,8.0,9.9,11.6,9.4,9.3,10.2,8.3,,,,
9-May,129,11.0,NA,NA,7.4,7.9,9.3,8.2,9.1,10.1,8.5,10.4,11.0,9.1,9.9,10.3,8.5,,,,
10-May,130,11.0,NA,NA,7.6,8.3,9.7,8.4,8.9,10.3,9.2,10.9,10.7,9.5,10.3,10.3,9.0,,,,
11-May,131,10.9,9.8,NA,7.6,8.6,10.0,8.8,8.6,10.3,9.8,11.7,10.9,9.7,10.0,10.9,9.7,,,,
12-May,132,11.6,9.8,NA,7.9,8.8,10.5,8.7,8.1,10.3,10.1,12.3,11.2,9.7,9.6,11.7,9.9,,,,
13-May,133,12.1,9.9,NA,8.3,8.9,10.8,8.6,8.8,10.2,10.3,12.7,11.2,9.9,9.2,11.7,10.1,,,,
14-May,134,12.5,10.0,NA,8.3,8.5,11.1,8.2,9.3,10.3,10.6,13.0,11.4,10.0,10.0,11.5,10.1,,,,
15-May,135,12.7,10.8,NA,9.1,NA,11.4,7.4,9.6,10.4,10.6,13.5,11.9,9.9,10.6,11.5,10.4,,,,
16-May,136,12.4,11.1,NA,9.4,NA,11.7,7.2,9.8,10.2,10.6,13.1,12.2,9.6,11.0,11.3,10.4,,,,
17-May,137,12.0,10.7,NA,9.5,NA,11.9,7.5,9.9,9.9,10.9,12.6,12.7,9.6,11.2,11.5,10.7,,,,
18-May,138,11.5,10.9,NA,9.8,NA,12.1,8.4,9.8,9.8,10.6,12.7,12.9,9.8,11.0,11.1,11.1,,,,
19-May,139,11.5,11.3,NA,9.9,NA,12.3,9.1,9.8,10.2,10.2,12.8,12.7,10.0,11.1,10.7,10.9,,,,
20-May,140,11.0,11.8,NA,9.7,NA,12.1,8.9,9.9,10.4,10.6,12.8,12.4,10.6,11.3,11.3,10.8,,,,
21-May,141,10.7,12.2,NA,9.8,9.3,12.3,8.7,9.6,10.6,11.0,13.0,11.9,11.2,11.5,11.0,10.9,,,,
22-May,142,11.0,12.5,NA,9.2,8.8,11.8,9.2,9.9,10.0,10.9,13.1,11.5,11.5,11.7,10.9,10.2,,,,
23-May,143,11.4,12.7,NA,8.7,NA,11.3,9.7,10.2,9.8,10.7,13.2,11.7,11.7,12.0,11.3,9.5,,,,
24-May,144,11.2,12.7,NA,8.6,NA,10.5,9.7,10.1,10.5,10.6,13.2,12.0,11.5,12.2,11.6,10.3,,,,
25-May,145,11.5,12.8,NA,8.9,10.6,10.5,10.1,10.3,10.7,10.6,13.2,12.6,11.1,12.4,11.7,10.6,,,,
26-May,146,11.9,12.8,NA,9.4,11.1,10.6,9.8,10.4,10.9,10.5,13.0,12.7,11.3,12.4,11.5,10.7,,,,
27-May,147,12.5,12.9,NA,10.0,11.5,10.9,9.4,10.9,11.1,10.3,13.4,12.8,12.1,12.1,12.1,10.7,,,,
28-May,148,13.3,NA,NA,10.6,11.6,11.0,9.6,11.1,11.2,10.0,13.7,12.7,11.9,12.0,12.6,10.8,,,,
29-May,149,13.9,NA,NA,10.9,11.6,11.1,9.7,11.3,11.2,10.0,13.8,12.8,12.0,11.8,12.9,10.9,,,,
30-May,150,14.3,NA,NA,10.9,11.6,11.3,9.7,11.7,11.2,10.4,14.2,13.0,12.3,11.4,13.2,10.7,,,,
31-May,151,14.2,NA,NA,11.1,11.2,11.6,9.8,12.2,11.7,11.1,14.3,13.1,12.4,11.4,13.5,10.3,,,,
1-Jun,152,14.2,12.9,12.2,11.2,11.3,12.2,10.1,11.9,11.7,11.7,13.9,13.2,12.8,11.3,13.9,10.6,,,,
2-Jun,153,13.7,12.9,12.4,10.8,11.8,12.2,10.5,11.7,11.9,11.7,13.5,13.4,12.8,11.4,14.2,11.0,,,,
3-Jun,154,13.4,12.5,12.7,11.0,12.2,12.0,10.8,11.3,12.0,12.0,13.5,13.4,12.6,11.5,13.8,11.0,,,,
4-Jun,155,13.2,12.6,12.9,11.3,12.5,12.2,11.1,11.0,11.9,12.1,13.6,13.9,12.5,11.7,13.6,10.6,,,,
5-Jun,156,12.9,12.5,12.9,11.5,12.9,12.2,11.5,11.0,12.4,12.4,14.0,14.5,12.2,11.9,13.0,10.4,,,,
6-Jun,157,12.6,13.0,12.6,11.5,13.2,12.5,11.7,10.6,12.6,12.0,14.4,15.0,12.2,12.1,12.8,10.4,,,,
7-Jun,158,13.1,12.9,12.0,11.4,13.0,12.5,11.5,10.4,12.9,11.9,14.5,15.1,12.5,12.1,12.7,10.5,,,,
8-Jun,159,12.6,12.7,12.0,11.1,13.1,12.8,11.3,10.7,12.9,11.9,14.8,15.2,12.9,12.2,12.2,10.5,,,,
9-Jun,160,13.1,12.4,12.0,11.2,13.1,12.8,11.1,10.9,12.7,12.0,15.1,14.9,12.9,12.2,12.3,,,,,
10-Jun,161,13.7,12.8,11.7,11.2,13.3,12.6,11.9,10.1,12.6,12.0,15.2,15.1,13.1,12.7,12.6,,,,,
11-Jun,162,13.8,13.3,10.3,10.7,13.5,12.6,11.8,10.3,12.3,12.2,15.3,14.8,12.9,12.4,12.9,,,,,
12-Jun,163,14.0,13.9,NA,11.0,13.7,12.8,11.8,11.0,12.4,12.6,15.1,15.0,13.0,12.7,13.6,,,,,
13-Jun,164,13.9,14.2,NA,11.6,13.7,13.4,11.9,11.3,12.7,12.7,14.5,14.9,12.7,12.6,14.4,,,,,
14-Jun,165,13.8,14.0,NA,11.5,14.1,13.8,12.0,11.3,13.0,12.6,14.7,14.3,12.2,12.7,14.8,,,,,
15-Jun,166,13.7,13.8,NA,11.9,14.4,13.5,11.9,11.4,13.3,13.1,14.7,14.0,12.2,13.0,14.9,,,,,
16-Jun,167,14.1,14.3,NA,12.3,14.7,13.2,11.5,11.6,13.6,12.9,14.9,13.8,12.5,13.4,15.2,,,,,
17-Jun,168,14.3,14.4,NA,12.1,14.3,13.6,11.4,11.6,13.7,12.8,15.2,13.8,12.8,13.4,15.7,,,,,
18-Jun,169,13.5,14.6,NA,12.0,14.1,13.4,11.7,11.3,13.7,12.9,15.4,13.9,12.9,13.9,15.9,,,,,
19-Jun,170,13.8,13.8,12.5,12.2,14.0,13.4,11.8,11.3,14.1,13.0,15.6,13.6,13.1,14.7,15.6,,,,,
20-Jun,171,14.9,13.7,13.5,12.8,14.0,13.6,11.7,11.3,13.6,13.2,15.8,14.2,13.3,15.7,14.6,,,,,
21-Jun,172,15.5,14.0,13.4,12.9,13.6,13.8,12.1,11.5,13.0,13.2,15.8,15.1,13.5,16.2,14.3,,,,,
22-Jun,173,15.7,14.5,12.9,13.0,13.1,13.8,12.4,11.5,13.9,13.6,15.8,15.8,13.4,16.0,14.2,,,,,
23-Jun,174,15.6,14.8,12.9,13.3,13.1,14.5,12.5,11.8,14.4,14.0,15.9,16.2,13.7,16.2,14.7,,,,,
24-Jun,175,15.7,14.8,13.1,13.5,13.3,14.9,12.5,12.2,14.8,14.1,16.0,16.2,14.2,16.6,14.7,,,,,
25-Jun,176,15.7,15.1,13.2,13.6,13.4,15.1,12.7,12.6,14.7,14.1,16.3,15.9,14.5,16.7,14.5,,,,,
26-Jun,177,15.2,16.2,13.2,13.6,13.6,15.1,12.8,13.0,15.0,14.4,17.0,16.3,14.7,15.6,14.8,,,,,
27-Jun,178,15.3,16.3,13.7,13.7,13.8,14.8,12.5,13.0,15.4,14.8,17.5,16.7,14.9,15.6,14.9,,,,,
28-Jun,179,15.1,16.1,13.8,14.1,13.8,14.8,12.4,12.6,15.5,14.9,18.2,17.1,15.0,15.5,15.1,,,,,
29-Jun,180,15.3,17.0,14.2,14.6,13.5,14.6,12.5,12.2,15.7,14.7,18.6,17.5,15.3,15.3,15.5,,,,,
30-Jun,181,15.8,16.9,14.4,14.9,13.3,14.4,12.7,12.3,16.1,14.8,18.9,17.8,15.8,14.6,15.8,,,,,
1-Jul,182,16.0,17.3,14.5,15.3,13.4,14.5,13.0,12.7,16.6,15.1,19.3,18.1,15.9,14.7,16.3,,,,,
2-Jul,183,16.1,17.6,14.5,15.7,13.6,14.4,13.2,13.1,17.2,15.7,19.0,18.3,16.0,14.9,16.6,,,,,
3-Jul,184,15.8,17.7,14.7,16.1,14.2,14.5,13.0,13.0,17.4,16.1,19.4,18.6,16.0,14.7,16.5,,,,,
4-Jul,185,16.0,17.8,14.8,16.2,14.8,14.5,12.2,12.9,17.2,16.0,19.7,17.9,16.1,14.9,16.0,,,,,
5-Jul,186,16.1,18.0,15.2,16.3,15.2,14.8,12.4,13.2,17.1,15.9,19.4,17.5,16.4,15.7,15.7,,,,,
6-Jul,187,15.9,18.4,15.3,16.2,15.4,15.0,13.1,13.4,16.7,16.1,18.9,17.1,16.6,16.3,15.7,,,,,
7-Jul,188,15.7,18.8,15.4,16.2,15.5,15.1,13.5,13.5,16.5,15.9,19.0,16.5,16.7,16.1,16.1,,,,,
8-Jul,189,15.7,18.7,15.4,15.8,15.6,15.5,13.3,13.5,16.4,16.2,19.3,15.8,16.8,16.2,16.0,,,,,
9-Jul,190,15.8,18.4,15.8,15.7,15.8,16.0,13.4,13.9,16.6,16.7,19.6,16.4,16.9,16.6,16.2,,,,,
10-Jul,191,15.8,18.4,15.8,15.2,16.1,16.4,13.7,14.8,17.0,16.9,20.2,16.6,17.4,16.8,16.8,,,,,
11-Jul,192,15.5,18.3,15.9,14.5,15.9,16.4,13.9,15.9,16.9,16.9,20.5,16.7,17.1,16.9,17.4,,,,,
12-Jul,193,15.4,18.0,16.1,14.8,15.9,16.7,13.3,15.6,16.9,16.9,20.6,16.9,16.8,17.3,17.3,,,,,
13-Jul,194,15.6,17.7,16.5,15.5,16.3,16.2,12.9,15.7,16.8,17.5,20.7,17.7,17.0,17.7,17.3,,,,,
14-Jul,195,15.8,17.2,17.0,15.7,16.5,16.0,13.1,16.0,16.7,17.8,20.7,17.9,17.3,17.8,17.5,,,,,
15-Jul,196,16.0,17.0,17.5,15.8,16.8,16.7,13.9,15.9,16.6,18.1,20.3,17.7,17.3,17.5,17.7,,,,,
16-Jul,197,16.3,17.1,17.8,16.3,17.2,16.8,14.4,15.7,16.3,18.8,20.0,16.9,17.2,17.8,17.4,,,,,
17-Jul,198,16.2,17.2,17.7,16.6,17.3,16.6,14.4,16.3,16.5,18.8,19.7,17.5,17.2,18.3,17.5,,,,,
18-Jul,199,16.1,17.2,17.4,16.6,17.3,16.5,14.8,16.7,16.7,18.6,19.3,18.0,16.9,18.7,17.7,,,,,
19-Jul,200,16.6,17.2,17.0,16.8,17.3,16.6,14.8,17.0,17.6,18.7,19.5,18.4,17.4,19.0,17.5,,,,,
20-Jul,201,16.6,17.3,16.9,17.4,17.3,16.7,14.9,16.9,18.4,18.4,20.1,18.0,17.3,19.0,16.9,,,,,
21-Jul,202,16.8,18.0,16.9,17.6,17.6,17.1,15.0,16.8,18.9,17.9,19.8,18.6,17.1,18.4,17.2,,,,,
22-Jul,203,16.7,18.6,16.8,17.5,17.9,17.4,14.5,16.7,19.1,18.0,19.1,18.9,17.1,18.0,17.6,,,,,
23-Jul,204,16.5,19.4,16.7,17.1,18.0,17.3,14.4,16.7,19.5,18.0,19.4,18.8,17.5,18.5,17.7,,,,,
24-Jul,205,17.1,20.0,16.7,17.2,18.1,17.7,14.5,16.4,19.9,17.1,19.4,18.9,17.4,18.5,17.5,,,,,
25-Jul,206,17.1,20.2,16.6,17.7,18.9,18.1,14.8,16.7,20.0,16.8,19.2,19.2,17.4,18.2,18.0,,,,,
26-Jul,207,17.1,20.2,16.7,17.7,19.4,18.4,14.8,17.2,20.1,17.3,18.9,19.0,18.0,18.0,18.1,,,,,
27-Jul,208,17.5,20.4,17.1,17.8,19.8,18.2,14.8,17.4,20.1,17.7,18.4,19.1,18.6,18.1,18.3,,,,,
28-Jul,209,17.8,20.4,17.2,17.7,20.0,18.4,15.3,17.5,19.7,17.8,18.3,19.3,18.4,18.5,18.2,,,,,
29-Jul,210,17.7,19.7,17.2,17.9,20.3,18.8,15.7,17.5,19.6,17.7,18.6,19.4,18.3,19.1,18.4,,,,,
30-Jul,211,17.8,19.2,17.4,17.6,20.7,18.8,15.7,17.5,19.2,18.0,19.0,20.0,18.6,19.8,18.5,,,,,
31-Jul,212,18.0,18.6,17.5,17.4,20.6,18.7,15.9,17.4,18.7,18.4,19.2,19.9,18.7,20.3,18.3,,,,,
1-Aug,213,18.2,18.5,17.6,16.9,20.7,18.7,15.5,17.8,19.1,19.0,19.3,19.3,18.4,20.7,18.0,,,,,
2-Aug,214,17.9,18.7,17.6,17.1,20.8,18.9,15.4,18.0,19.1,19.5,19.6,19.2,18.3,20.7,17.8,,,,,
3-Aug,215,17.8,18.3,17.7,17.0,21.0,19.0,15.3,17.5,19.3,19.9,19.8,18.7,18.6,20.0,17.7,,,,,
4-Aug,216,17.7,18.4,17.5,16.9,20.7,19.0,15.3,17.5,19.9,19.8,19.8,19.0,18.8,19.9,17.6,,,,,
5-Aug,217,18.0,18.1,17.4,17.2,20.3,19.0,15.9,18.2,20.5,19.9,19.4,19.4,18.7,20.2,17.7,,,,,
6-Aug,218,18.2,18.1,17.6,17.9,19.6,18.9,16.2,18.7,20.9,20.2,18.7,19.5,18.8,20.3,18.2,,,,,
7-Aug,219,18.4,18.2,18.0,18.3,19.1,18.9,16.4,18.9,21.2,20.0,19.0,19.3,19.2,20.3,18.6,,,,,
8-Aug,220,18.6,18.6,18.2,19.0,18.7,18.9,16.5,19.2,21.3,19.8,19.3,19.2,19.3,20.3,18.9,,,,,
9-Aug,221,18.6,18.2,18.1,18.9,18.7,19.1,16.7,19.2,21.4,19.8,19.3,19.1,19.4,20.4,19.3,,,,,
10-Aug,222,18.5,18.2,17.7,18.9,18.8,18.6,17.0,19.0,21.4,19.6,19.2,19.6,19.5,20.6,19.5,,,,,
11-Aug,223,18.2,17.6,17.4,18.5,18.8,18.1,16.9,19.1,21.6,19.5,19.5,20.2,19.7,20.5,19.5,,,,,
12-Aug,224,18.3,17.7,17.2,18.3,18.8,18.5,17.4,18.9,21.6,19.5,19.7,20.5,20.0,20.1,19.2,,,,,
13-Aug,225,18.4,18.0,17.1,18.2,18.5,18.8,17.6,18.9,21.4,19.5,19.8,20.6,20.0,19.5,19.2,,,,,
14-Aug,226,18.7,18.3,17.1,18.4,18.1,18.5,17.4,18.5,21.3,19.7,19.9,20.6,19.7,19.3,19.0,,,,,
15-Aug,227,19.0,18.4,17.3,18.3,17.9,18.6,17.1,18.2,21.0,20.2,19.3,20.6,19.3,19.2,18.9,,,,,
16-Aug,228,19.3,18.4,17.4,18.2,17.9,18.9,17.0,18.2,20.7,20.4,19.1,20.6,19.1,19.2,19.0,,,,,
17-Aug,229,19.1,18.3,17.3,18.5,18.1,18.9,16.7,18.5,20.6,20.8,19.3,20.8,19.0,19.1,19.0,,,,,
18-Aug,230,18.7,18.5,17.3,18.7,18.4,19.0,16.7,19.0,20.3,20.7,19.6,20.6,18.8,18.7,18.7,,,,,
19-Aug,231,18.1,18.7,17.1,19.3,18.8,19.0,16.6,19.2,19.7,20.5,19.6,20.3,18.5,17.8,18.6,,,,,
20-Aug,232,18.1,19.0,17.2,19.3,19.0,18.6,16.5,19.4,19.4,20.4,19.7,20.1,18.2,17.3,18.3,,,,,
21-Aug,233,18.3,19.1,17.3,18.7,19.1,18.3,16.7,19.4,19.3,20.1,19.7,20.1,18.1,17.6,18.0,,,,,
22-Aug,234,18.4,19.0,17.6,18.3,18.8,17.8,16.7,19.2,18.9,19.4,18.8,19.5,18.2,17.8,17.9,,,,,
23-Aug,235,17.9,18.8,17.5,18.1,18.6,17.5,16.9,19.3,18.8,18.8,18.3,18.9,18.6,18.0,17.8,,,,,
24-Aug,236,17.2,18.7,17.7,17.8,18.3,17.4,17.2,19.0,18.5,18.6,18.3,18.9,18.6,17.7,17.5,,,,,
25-Aug,237,17.0,18.8,17.6,17.4,18.0,17.7,17.3,18.3,18.4,18.4,18.2,19.1,18.1,17.1,17.6,,,,,
26-Aug,238,17.0,18.8,17.4,16.6,17.5,17.7,17.0,18.1,18.6,18.4,18.1,19.3,18.1,16.9,17.7,,,,,
27-Aug,239,17.0,18.6,17.1,15.9,17.4,17.3,16.3,18.1,18.5,18.8,18.1,19.2,18.3,16.9,17.6,,,,,
28-Aug,240,17.3,18.5,16.8,15.7,17.4,16.7,16.4,17.8,18.6,18.9,18.2,19.0,18.6,17.2,17.4,,,,,
29-Aug,241,17.3,18.5,16.6,15.9,17.6,16.3,16.7,17.2,18.8,18.9,18.3,18.7,18.5,17.2,17.5,,,,,
30-Aug,242,17.2,18.0,16.8,15.9,17.9,16.2,16.7,17.1,18.4,18.5,17.9,18.5,18.4,17.3,17.1,,,,,
31-Aug,243,16.8,17.6,17.0,15.3,17.9,16.0,16.5,17.0,18.3,18.5,17.3,18.2,18.4,17.3,17.3,,,,,
1-Sep,244,17.0,17.3,16.6,14.7,18.3,15.8,16.2,16.8,18.6,18.0,16.7,18.0,18.4,17.2,17.4,,,,,
2-Sep,245,16.8,17.3,16.4,14.1,18.8,16.1,15.7,16.4,18.7,17.8,16.3,17.7,18.3,17.0,17.5,,,,,
3-Sep,246,16.6,17.3,16.3,13.9,18.9,16.3,15.7,16.5,18.7,17.2,16.1,17.4,18.6,16.9,17.6,,,,,
4-Sep,247,16.2,17.6,16.2,14.2,18.4,16.4,15.5,16.7,18.5,17.0,15.8,17.4,18.8,16.5,17.6,,,,,
5-Sep,248,16.0,17.6,16.3,14.5,18.4,16.2,15.5,16.9,18.5,16.8,15.6,17.0,18.4,15.9,18.0,,,,,
6-Sep,249,15.7,18.1,16.4,14.7,17.8,15.7,15.7,16.8,18.6,16.4,15.3,16.5,18.1,15.7,18.4,,,,,
7-Sep,250,15.6,18.1,16.1,14.8,17.0,15.5,15.6,16.6,18.3,16.2,15.3,16.4,18.1,15.9,18.4,,,,,
8-Sep,251,15.7,18.1,15.8,14.9,16.6,15.3,15.8,16.7,18.6,16.5,15.5,16.2,18.1,15.9,18.0,,,,,
9-Sep,252,15.8,18.1,15.6,14.8,16.5,15.1,16.2,16.5,19.1,16.3,15.7,15.9,17.9,15.7,17.9,,,,,
10-Sep,253,15.2,17.8,15.5,14.7,16.3,14.9,16.5,16.0,19.0,15.8,16.1,15.8,17.4,15.6,17.7,,,,,
11-Sep,254,15.0,17.5,15.4,14.7,16.5,14.8,17.0,15.7,18.6,14.9,16.3,15.7,17.4,15.6,17.5,,,,,
12-Sep,255,15.0,17.6,15.7,15.0,16.3,14.7,17.3,15.4,18.4,14.6,16.6,15.3,17.5,15.8,17.4,,,,,
13-Sep,256,15.1,17.5,15.9,15.0,16.2,14.7,17.4,15.2,18.6,14.7,16.8,14.8,17.4,15.7,17.1,,,,,
14-Sep,257,14.9,16.4,15.5,14.8,16.3,15.0,17.1,15.2,18.5,14.7,16.1,14.6,16.5,15.0,16.9,,,,,
15-Sep,258,14.7,15.4,15.3,14.8,16.5,15.2,16.6,15.2,18.4,14.7,15.3,14.8,15.6,14.5,16.3,,,,,
16-Sep,259,14.7,14.6,15.2,14.6,16.4,15.1,16.1,14.9,18.4,14.7,14.8,15.2,15.1,14.2,16.0,,,,,
17-Sep,260,14.6,14.1,14.9,14.5,16.4,15.1,15.6,14.7,18.2,15.1,14.4,15.2,14.7,13.7,16.0,,,,,
18-Sep,261,14.4,13.6,14.9,14.6,16.6,14.9,15.3,14.7,17.8,15.3,14.1,15.2,14.3,13.8,15.7,,,,,
19-Sep,262,14.1,13.7,14.5,14.8,16.4,14.2,15.4,14.9,17.2,15.5,13.9,15.1,14.0,13.7,15.6,,,,,
20-Sep,263,14.0,13.7,14.1,14.9,16.3,13.6,15.2,15.1,16.6,15.7,14.2,14.7,14.1,13.6,14.9,,,,,
21-Sep,264,13.8,13.5,13.9,14.7,16.1,13.2,14.9,15.2,16.6,15.8,14.0,14.7,13.8,13.7,14.8,,,,,
22-Sep,265,13.7,13.7,13.6,14.3,15.8,12.8,14.9,15.3,16.3,15.9,13.4,14.4,13.5,13.4,14.8,,,,,
23-Sep,266,13.1,13.9,13.5,14.1,15.8,12.4,15.0,15.5,15.5,16.1,13.1,13.7,13.5,13.2,15.0,,,,,
24-Sep,267,12.6,14.2,13.2,14.0,15.7,12.7,15.4,15.5,15.0,16.1,13.1,13.4,13.7,13.2,14.7,,,,,
25-Sep,268,12.4,14.1,NA,13.8,15.6,12.7,15.2,15.5,14.8,15.6,13.3,13.5,13.8,13.2,14.4,,,,,
26-Sep,269,12.5,14.4,NA,13.4,15.3,13.2,14.0,15.1,14.4,15.3,13.0,13.7,14.1,13.1,13.8,,,,,
27-Sep,270,12.8,14.7,NA,13.0,14.8,13.3,12.6,14.9,13.8,15.4,12.8,13.9,14.5,13.4,13.5,,,,,
28-Sep,271,12.5,15.0,NA,12.9,13.9,13.9,12.2,14.8,13.5,15.4,12.4,13.6,14.6,13.5,12.7,,,,,
29-Sep,272,12.3,15.0,NA,12.8,13.2,13.8,11.9,14.2,12.9,15.1,12.3,13.3,14.7,13.4,12.0,,,,,
30-Sep,273,12.3,14.9,NA,12.7,12.8,13.2,11.9,14.1,12.8,14.9,12.5,12.7,14.6,13.1,11.1,,,,,
1-Oct,274,12.1,14.8,NA,12.6,12.6,12.5,11.9,14.1,12.6,14.6,12.7,12.1,14.2,12.4,10.5,,,,,
2-Oct,275,11.3,14.4,NA,12.8,12.3,12.2,11.8,13.5,12.4,14.0,13.0,11.8,13.7,11.6,10.4,,,,,
3-Oct,276,10.9,13.9,NA,13.1,12.0,12.3,11.8,12.6,12.5,13.6,12.9,11.7,13.1,10.5,10.7,,,,,
4-Oct,277,10.8,13.0,NA,13.4,11.6,12.3,11.5,12.0,12.4,13.1,12.5,11.7,12.3,9.9,10.8,,,,,
5-Oct,278,10.6,12.4,NA,13.3,11.3,12.2,11.3,11.4,12.1,13.2,12.1,11.7,11.7,9.5,11.0,,,,,
6-Oct,279,10.6,12.1,NA,12.9,10.9,11.8,11.2,11.0,12.3,13.5,11.8,11.6,11.4,9.5,11.0,,,,,
7-Oct,280,10.6,11.9,NA,12.6,10.7,11.5,11.4,10.9,12.4,13.6,11.7,11.6,11.3,9.4,10.7,,,,,
8-Oct,281,10.7,11.4,NA,12.1,10.6,11.6,11.1,11.0,12.0,13.4,11.8,11.3,11.3,9.6,10.7,,,,,
9-Oct,282,10.6,10.9,NA,11.5,10.2,12.0,11.2,11.1,11.6,13.0,12.0,10.8,11.3,9.9,10.0,,,,,
10-Oct,283,10.6,10.7,NA,10.9,9.6,12.3,11.2,11.2,10.9,12.5,12.4,10.8,11.0,9.9,9.2,,,,,
11-Oct,284,10.6,10.6,NA,10.4,8.7,12.1,11.0,10.9,10.2,12.4,12.3,10.1,10.5,9.9,8.5,,,,,
12-Oct,285,10.5,10.7,NA,9.9,7.9,11.8,10.8,11.9,10.0,12.3,12.0,9.3,10.4,9.8,8.2,,,,,
13-Oct,286,10.2,10.6,9.2,9.6,7.3,11.6,10.6,12.1,10.1,12.2,12.0,9.0,10.0,9.7,8.1,,,,,
14-Oct,287,9.9,10.6,9.3,9.4,7.0,11.2,10.5,11.1,9.9,12.2,11.7,9.1,9.3,9.5,8.4,,,,,
15-Oct,288,9.7,10.7,9.5,9.2,7.0,10.9,10.0,11.1,9.7,12.0,11.1,9.1,8.9,9.0,NA,,,,,
16-Oct,289,9.5,10.7,9.7,9.1,7.3,10.8,9.6,10.7,9.9,11.8,10.6,9.3,9.1,8.9,NA,,,,,
17-Oct,290,9.5,10.6,9.7,9.1,7.7,10.5,9.2,10.1,9.9,11.4,10.4,9.4,9.1,8.9,NA,,,,,
18-Oct,291,9.4,10.3,9.6,9.2,8.1,9.9,9.2,9.7,9.8,11.1,10.5,9.4,8.9,9.0,8.8,,,,,
19-Oct,292,9.2,10.3,9.1,8.7,8.4,9.6,9.3,9.6,9.7,11.3,10.8,9.1,8.6,9.1,8.8,,,,,
20-Oct,293,9.2,10.3,8.9,8.3,8.8,9.7,9.7,9.1,9.7,11.4,10.7,8.9,7.9,9.2,8.7,,,,,
21-Oct,294,8.9,10.0,8.9,8.1,8.9,9.8,9.8,8.9,9.6,11.6,10.5,8.9,7.0,9.1,8.2,,,,,
22-Oct,295,8.7,9.5,8.9,7.7,8.8,10.0,9.7,8.5,9.6,11.4,10.4,9.0,7.1,9.0,7.9,,,,,
23-Oct,296,8.8,9.4,9.2,7.8,8.6,10.0,9.4,7.5,9.6,10.9,10.1,8.8,7.4,9.0,8.0,,,,,
24-Oct,297,9.0,9.1,9.6,8.0,8.4,9.6,8.9,6.9,9.6,10.5,9.8,8.8,7.7,9.3,8.1,,,,,
25-Oct,298,9.0,8.7,9.3,8.2,8.3,9.2,8.3,6.4,9.5,10.6,9.7,8.8,8.0,9.2,8.5,,,,,
26-Oct,299,8.9,8.5,8.6,7.8,7.9,9.0,7.7,6.6,9.5,10.4,9.4,8.7,8.2,9.4,8.4,,,,,
27-Oct,300,8.4,8.4,7.7,7.0,7.8,8.9,7.4,6.7,9.5,9.9,9.2,8.5,8.2,9.3,7.6,,,,,
28-Oct,301,8.2,8.6,7.2,6.4,7.5,9.0,7.2,6.8,9.2,9.2,8.5,8.6,7.6,9.0,6.8,,,,,
29-Oct,302,8.2,8.6,7.4,6.5,7.1,9.0,7.2,6.8,8.5,9.3,8.3,8.6,7.2,8.8,6.1,,,,,
30-Oct,303,8.0,7.7,7.4,6.7,7.1,8.9,7.2,6.7,7.9,9.4,8.5,8.6,7.1,8.9,5.5,,,,,
31-Oct,304,7.9,6.6,7.2,6.9,7.4,8.6,7.3,6.2,7.8,9.3,8.6,8.7,6.9,8.5,5.2,,,,,
1-Nov,305,7.7,5.4,6.9,7.1,7.2,8.4,7.1,6.1,7.8,9.2,8.6,8.8,6.8,8.5,4.9,,,,,
2-Nov,306,7.5,4.1,6.5,7.4,6.5,8.2,6.8,6.9,7.7,8.8,8.4,8.7,6.5,8.6,4.9,,,,,
3-Nov,307,7.3,3.6,6.4,7.4,6.4,8.3,6.6,6.1,7.4,8.3,8.0,8.6,5.6,8.7,5.2,,,,,
4-Nov,308,7.1,4.0,6.6,7.2,5.5,8.1,6.4,6.6,7.1,8.3,7.4,8.5,4.7,8.6,5.3,,,,,
5-Nov,309,6.8,5.0,6.3,7.1,4.9,8.0,6.0,6.6,6.8,8.4,7.0,8.5,3.2,8.5,5.6,,,,,
6-Nov,310,6.6,6.0,5.7,6.7,5.3,8.0,5.4,6.3,6.5,8.5,6.8,8.5,2.2,8.2,5.6,,,,,
7-Nov,311,6.5,6.5,5.7,6.3,5.4,7.9,4.9,5.8,6.3,8.5,6.9,8.5,1.7,7.6,5.6,,,,,
8-Nov,312,6.2,6.2,5.8,6.6,5.4,7.8,4.7,5.2,6.2,8.4,7.1,8.5,1.6,6.3,5.3,,,,,
9-Nov,313,6.0,5.6,5.9,6.8,5.5,7.2,4.6,4.4,6.2,8.2,7.1,8.7,1.5,5.2,4.9,,,,,
10-Nov,314,6.2,4.9,6.2,6.8,5.4,6.6,4.9,3.8,6.2,7.9,6.7,8.5,2.0,5.2,5.0,,,,,
11-Nov,315,6.2,4.5,5.9,6.8,5.2,6.3,5.2,3.5,6.2,7.0,6.3,8.6,2.7,5.3,5.0,,,,,
12-Nov,316,5.9,4.3,5.6,6.8,5.1,6.0,5.6,3.6,5.9,5.7,5.7,8.6,2.9,5.3,4.1,,,,,
13-Nov,317,5.7,4.1,5.4,6.7,4.8,6.0,5.4,4.8,6.0,4.8,5.6,8.4,3.2,5.3,3.3,,,,,
14-Nov,318,5.2,4.4,5.1,6.3,4.6,6.0,5.0,4.2,6.1,4.1,5.9,8.4,3.5,5.4,3.5,,,,,
15-Nov,319,4.8,4.3,4.8,5.5,4.1,6.2,4.4,3.1,6.1,3.5,5.7,8.1,4.0,5.8,4.0,,,,,
16-Nov,320,4.8,4.4,4.9,5.7,4.3,6.2,3.6,5.0,5.7,2.9,5.3,7.7,4.3,6.0,4.2,,,,,
17-Nov,321,4.8,4.6,4.8,5.6,4.5,6.2,3.0,4.4,5.5,2.5,5.0,7.1,4.2,5.6,4.4,,,,,
18-Nov,322,4.5,4.5,4.8,5.6,4.4,5.7,3.1,4.6,4.8,2.6,4.7,6.7,4.1,5.1,4.8,,,,,
19-Nov,323,4.6,4.6,4.5,5.3,4.0,4.2,2.6,4.7,4.3,3.1,4.4,6.4,3.9,4.5,4.7,,,,,
20-Nov,324,4.7,4.6,3.9,4.5,4.1,2.8,1.9,4.7,3.2,3.4,3.8,6.4,3.7,4.2,4.3,,,,,
21-Nov,325,4.8,4.3,3.4,4.4,4.1,1.9,1.7,4.3,2.2,3.9,3.2,6.6,3.7,4.0,3.7,,,,,
22-Nov,326,4.7,4.3,2.9,4.4,3.8,1.4,2.2,4.5,2.1,4.3,2.7,6.5,3.8,4.2,3.4,,,,,
23-Nov,327,4.7,4.3,2.5,4.2,3.9,1.0,2.5,5.0,2.4,4.5,3.3,6.2,4.3,4.6,3.6,,,,,
24-Nov,328,4.5,4.0,2.3,3.9,4.0,0.9,2.6,3.3,2.7,4.5,3.4,6.2,4.5,4.9,4.0,,,,,
25-Nov,329,4.4,3.4,2.3,3.8,4.1,1.4,2.8,1.2,3.1,4.4,3.0,6.0,4.4,5.0,4.0,,,,,
26-Nov,330,4.1,2.0,2.3,4.0,4.2,2.1,2.7,1.7,3.2,4.2,2.1,5.8,4.5,5.0,3.9,,,,,
27-Nov,331,4.0,0.9,2.4,3.9,4.3,2.5,2.8,3.2,3.0,4.2,1.7,5.6,4.4,5.3,3.3,,,,,
28-Nov,332,3.6,NA,2.4,3.8,3.9,2.6,3.1,3.5,2.8,4.1,1.6,5.7,4.1,5.5,2.5,,,,,
29-Nov,333,3.1,NA,2.4,3.8,3.9,2.5,2.9,4.2,2.8,2.1,1.8,5.5,4.0,5.3,1.7,,,,,
30-Nov,334,2.7,NA,2.0,4.0,4.0,2.1,2.8,5.2,2.9,1.2,1.7,5.3,3.8,5.2,0.8,,,,,
1-Dec,335,NA,NA,1.8,4.1,3.4,2.4,2.6,4.8,3.0,1.2,2.0,5.3,3.6,4.9,0.4,,,,,
2-Dec,336,NA,NA,1.1,4.3,2.5,2.2,2.3,5.1,3.1,1.6,2.4,5.3,3.5,4.6,0.7,,,,,
3-Dec,337,NA,1.5,0.6,3.8,2.0,1.9,2.2,5.0,2.2,1.7,2.8,5.3,3.5,4.5,1.2,,,,,
4-Dec,338,NA,1.8,1.3,3.1,1.6,1.8,2.2,4.1,1.4,1.8,3.1,5.0,3.1,4.1,1.7,,,,,
5-Dec,339,NA,2.2,2.4,2.5,1.7,1.7,2.2,2.5,1.2,2.0,2.9,4.5,2.7,3.5,1.7,,,,,
6-Dec,340,NA,2.4,2.2,2.5,1.5,1.6,2.1,2.0,1.0,2.3,2.7,3.7,2.5,2.7,1.5,,,,,
7-Dec,341,NA,2.5,1.7,2.6,0.9,1.6,2.1,0.5,0.7,2.0,2.9,2.6,2.2,2.2,1.7,,,,,
8-Dec,342,NA,2.4,1.0,3.0,0.6,1.9,2.1,0.8,0.4,2.1,3.0,1.9,2.3,2.1,1.9,,,,,
9-Dec,343,NA,2.3,0.9,3.2,0.8,2.2,1.7,2.7,NA,2.2,3.1,1.9,2.3,2.4,1.6,,,,,
10-Dec,344,NA,2.2,1.2,3.2,1.0,2.4,1.4,5.5,NA,2.5,3.0,2.1,2.4,2.8,1.5,,,,,
11-Dec,345,NA,2.2,1.4,3.3,1.2,2.3,1.7,4.7,NA,2.9,2.8,2.2,2.3,3.1,1.8,,,,,
12-Dec,346,NA,2.5,1.3,2.8,1.3,2.2,1.8,NA,1.6,3.0,2.8,2.3,2.1,3.4,1.9,,,,,
13-Dec,347,NA,2.5,0.7,2.5,1.5,2.3,1.6,NA,1.9,2.9,2.6,1.8,2.2,3.4,1.9,,,,,
14-Dec,348,NA,2.5,0.6,1.2,1.0,2.4,1.6,NA,2.1,2.3,2.8,1.2,2.4,3.6,1.9,,,,,
15-Dec,349,NA,2.0,0.7,0.3,0.2,2.4,1.6,NA,2.6,2.2,2.8,1.0,2.6,3.8,2.0,,,,,
16-Dec,350,NA,1.9,1.2,0.2,0.3,2.2,1.8,NA,2.6,1.9,2.6,0.8,2.8,3.6,1.9,,,,,
17-Dec,351,NA,1.6,1.3,0.5,1.2,2.0,2.0,NA,NA,2.1,2.4,0.7,3.0,3.5,1.9,,,,,
18-Dec,352,NA,1.5,1.4,0.8,1.8,1.8,2.3,NA,2.0,2.3,2.1,0.9,3.2,3.7,2.2,,,,,
19-Dec,353,NA,1.8,1.4,0.6,2.1,1.8,2.1,NA,1.8,2.6,2.4,1.4,3.1,3.8,2.3,,,,,
20-Dec,354,NA,2.2,1.7,0.2,2.1,1.6,2.1,NA,1.5,2.7,2.5,1.6,2.4,3.5,2.1,,,,,
21-Dec,355,NA,2.3,1.7,NA,1.6,1.6,1.9,NA,1.5,3.1,2.8,1.7,1.9,3.7,2.1,,,,,
22-Dec,356,NA,2.4,1.3,NA,1.3,1.6,1.6,NA,1.6,3.2,2.6,1.6,1.6,3.5,2.3,,,,,
23-Dec,357,NA,2.2,1.5,0.2,1.0,1.9,1.4,NA,1.9,3.1,2.6,1.8,1.5,3.0,2.3,,,,,
24-Dec,358,NA,2.1,1.7,0.2,0.5,2.1,1.4,NA,2.1,3.3,2.4,1.7,1.0,3.1,2.3,,,,,
25-Dec,359,NA,1.7,1.5,0.1,0.4,2.3,1.6,NA,2.1,3.1,2.5,1.5,0.5,3.0,2.1,,,,,
26-Dec,360,NA,2.1,1.5,0.3,0.4,2.4,1.7,NA,2.1,3.0,2.1,1.4,-2.9,2.9,1.8,,,,,
27-Dec,361,NA,2.0,1.5,0.3,0.3,2.3,1.8,NA,2.3,2.8,1.8,1.6,-5.1,2.8,1.8,,,,,
28-Dec,362,NA,1.7,1.4,0.7,0.3,2.0,2.0,NA,2.3,2.8,2.0,1.9,-3.3,2.8,1.7,,,,,
29-Dec,363,NA,1.3,1.6,0.8,0.5,1.8,2.4,NA,2.3,2.5,2.1,1.7,-0.3,2.9,1.7,,,,,
30-Dec,364,NA,1.3,1.6,0.8,0.6,1.4,2.3,NA,2.2,1.7,1.8,1.9,-3.5,3.1,1.7,,,,,
31-Dec,365,NA,1.5,1.6,0.7,0.7,0.9,2.2,NA,2.3,1.0,1.4,1.9,-1.4,2.9,2.0,,,,,
,,,,,,,,,,,,,,,,,5.0946,,,,