"Year","sst_raw","sst_anomaly","Stock.ID"
1950,10.4996659415109,-1.36446264030223,1
1951,11.1057878562382,-0.758340725574899,1
1952,11.2297064917428,-0.634422090070314,1
1953,11.7735470363072,-0.0905815455059216,1
1954,11.2220627239772,-0.642065857835898,1
1955,10.8908667564392,-0.973261825373918,1
1956,11.8710631643023,0.00693458248915148,1
1957,12.3478749820164,0.483746400203301,1
1958,13.2306014469692,1.36647286515604,1
1959,11.9623036384583,0.0981750566451328,1
1960,11.8328381947109,-0.0312903871022449,1
1961,12.305883373533,0.441754791719849,1
1962,11.8123912811279,-0.0517373006852008,1
1963,12.5906221185412,0.726493536728045,1
1964,11.2862903390612,-0.577838242751929,1
1965,10.9103071689606,-0.95382141285256,1
1966,11.7131859234401,-0.150942658373013,1
1967,11.7375418458666,-0.126586735946503,1
1968,11.540483048984,-0.323645532829145,1
1969,11.3890583515167,-0.4750702302964,1
1970,11.3427294322423,-0.521399149570872,1
1971,10.7318995850427,-1.13222899677045,1
1972,11.3774076529912,-0.486720928821962,1
1973,11.5920849187034,-0.272043663109771,1
1974,11.3970979281834,-0.467030653629713,1
1975,11.243363073894,-0.620765507919166,1
1976,11.1267367090498,-0.737391872763362,1
1977,11.6366580554417,-0.227470526371413,1
1978,12.2922778470176,0.428149265204432,1
1979,11.8755671977997,0.0114386159865527,1
1980,12.0313435622624,0.167214980449272,1
1981,11.8230538708823,-0.0410747109308134,1
1982,11.316054889134,-0.548073692679124,1
1983,12.8505603585924,0.986431776779315,1
1984,11.4281222139086,-0.436006367904523,1
1985,11.7059590135302,-0.158169568282935,1
1986,11.8420831475939,-0.0220454342192144,1
1987,12.0379387991769,0.173810217363771,1
1988,11.8831453323364,0.0190167505233064,1
1989,12.4161183834076,0.551989801594467,1
1990,12.346659387861,0.482530806047859,1
1991,11.7161757264818,-0.147952855331283,1
1992,13.0729782581329,1.20884967631982,1
1993,12.8549053668976,0.99077678508446,1
1994,12.503628219877,0.639499638063847,1
1995,12.9392278535026,1.07509927168943,1
1996,11.9836242539542,0.119495672141086,1
1997,12.9424164295197,1.07828784770654,1
1998,12.9769259861537,1.11279740434061,1
1999,11.250898872103,-0.613229709710114,1
2000,12.3161041736603,0.451975591847156,1
2001,11.5436230387007,-0.320505543112472,1
2002,11.5603755882808,-0.303752993532308,1
2003,12.6575793879373,0.793450806124152,1
2004,13.1624470778874,1.29831849607427,1
2005,12.980352810451,1.11622422863784,1
2006,12.0542481967381,0.190119614924984,1
2007,11.8347712584904,-0.0293573233227009,1
2008,10.6401403290885,-1.22398825272464,1
2009,11.2575490134103,-0.606579568402831,1
2010,11.9149286065783,0.050800024765162,1
2011,11.8753707749503,0.0112421931371777,1
2012,11.7948769501278,-0.0692516316853746,1
2013,12.2269393035344,0.362810721721245,1
2014,12.3743189062391,0.510190324425971,1
2015,13.3534497192928,1.48932113747965,1
2016,13.3844786371504,1.52035005533724,1
2017,12.4632022721427,0.59907369032956,1
2018,12.8204536778586,0.956325096045494,1
1950,10.4996659415109,-1.36446264030223,4
1951,11.1057878562382,-0.758340725574899,4
1952,11.2297064917428,-0.634422090070314,4
1953,11.7735470363072,-0.0905815455059216,4
1954,11.2220627239772,-0.642065857835898,4
1955,10.8908667564392,-0.973261825373918,4
1956,11.8710631643023,0.00693458248915148,4
1957,12.3478749820164,0.483746400203301,4
1958,13.2306014469692,1.36647286515604,4
1959,11.9623036384583,0.0981750566451328,4
1960,11.8328381947109,-0.0312903871022449,4
1961,12.305883373533,0.441754791719849,4
1962,11.8123912811279,-0.0517373006852008,4
1963,12.5906221185412,0.726493536728045,4
1964,11.2862903390612,-0.577838242751929,4
1965,10.9103071689606,-0.95382141285256,4
1966,11.7131859234401,-0.150942658373013,4
1967,11.7375418458666,-0.126586735946503,4
1968,11.540483048984,-0.323645532829145,4
1969,11.3890583515167,-0.4750702302964,4
1970,11.3427294322423,-0.521399149570872,4
1971,10.7318995850427,-1.13222899677045,4
1972,11.3774076529912,-0.486720928821962,4
1973,11.5920849187034,-0.272043663109771,4
1974,11.3970979281834,-0.467030653629713,4
1975,11.243363073894,-0.620765507919166,4
1976,11.1267367090498,-0.737391872763362,4
1977,11.6366580554417,-0.227470526371413,4
1978,12.2922778470176,0.428149265204432,4
1979,11.8755671977997,0.0114386159865527,4
1980,12.0313435622624,0.167214980449272,4
1981,11.8230538708823,-0.0410747109308134,4
1982,11.316054889134,-0.548073692679124,4
1983,12.8505603585924,0.986431776779315,4
1984,11.4281222139086,-0.436006367904523,4
1985,11.7059590135302,-0.158169568282935,4
1986,11.8420831475939,-0.0220454342192144,4
1987,12.0379387991769,0.173810217363771,4
1988,11.8831453323364,0.0190167505233064,4
1989,12.4161183834076,0.551989801594467,4
1990,12.346659387861,0.482530806047859,4
1991,11.7161757264818,-0.147952855331283,4
1992,13.0729782581329,1.20884967631982,4
1993,12.8549053668976,0.99077678508446,4
1994,12.503628219877,0.639499638063847,4
1995,12.9392278535026,1.07509927168943,4
1996,11.9836242539542,0.119495672141086,4
1997,12.9424164295197,1.07828784770654,4
1998,12.9769259861537,1.11279740434061,4
1999,11.250898872103,-0.613229709710114,4
2000,12.3161041736603,0.451975591847156,4
2001,11.5436230387007,-0.320505543112472,4
2002,11.5603755882808,-0.303752993532308,4
2003,12.6575793879373,0.793450806124152,4
2004,13.1624470778874,1.29831849607427,4
2005,12.980352810451,1.11622422863784,4
2006,12.0542481967381,0.190119614924984,4
2007,11.8347712584904,-0.0293573233227009,4
2008,10.6401403290885,-1.22398825272464,4
2009,11.2575490134103,-0.606579568402831,4
2010,11.9149286065783,0.050800024765162,4
2011,11.8753707749503,0.0112421931371777,4
2012,11.7948769501278,-0.0692516316853746,4
2013,12.2269393035344,0.362810721721245,4
2014,12.3743189062391,0.510190324425971,4
2015,13.3534497192928,1.48932113747965,4
2016,13.3844786371504,1.52035005533724,4
2017,12.4632022721427,0.59907369032956,4
2018,12.8204536778586,0.956325096045494,4
1950,10.4996659415109,-1.36446264030223,14
1951,11.1057878562382,-0.758340725574899,14
1952,11.2297064917428,-0.634422090070314,14
1953,11.7735470363072,-0.0905815455059216,14
1954,11.2220627239772,-0.642065857835898,14
1955,10.8908667564392,-0.973261825373918,14
1956,11.8710631643023,0.00693458248915148,14
1957,12.3478749820164,0.483746400203301,14
1958,13.2306014469692,1.36647286515604,14
1959,11.9623036384583,0.0981750566451328,14
1960,11.8328381947109,-0.0312903871022449,14
1961,12.305883373533,0.441754791719849,14
1962,11.8123912811279,-0.0517373006852008,14
1963,12.5906221185412,0.726493536728045,14
1964,11.2862903390612,-0.577838242751929,14
1965,10.9103071689606,-0.95382141285256,14
1966,11.7131859234401,-0.150942658373013,14
1967,11.7375418458666,-0.126586735946503,14
1968,11.540483048984,-0.323645532829145,14
1969,11.3890583515167,-0.4750702302964,14
1970,11.3427294322423,-0.521399149570872,14
1971,10.7318995850427,-1.13222899677045,14
1972,11.3774076529912,-0.486720928821962,14
1973,11.5920849187034,-0.272043663109771,14
1974,11.3970979281834,-0.467030653629713,14
1975,11.243363073894,-0.620765507919166,14
1976,11.1267367090498,-0.737391872763362,14
1977,11.6366580554417,-0.227470526371413,14
1978,12.2922778470176,0.428149265204432,14
1979,11.8755671977997,0.0114386159865527,14
1980,12.0313435622624,0.167214980449272,14
1981,11.8230538708823,-0.0410747109308134,14
1982,11.316054889134,-0.548073692679124,14
1983,12.8505603585924,0.986431776779315,14
1984,11.4281222139086,-0.436006367904523,14
1985,11.7059590135302,-0.158169568282935,14
1986,11.8420831475939,-0.0220454342192144,14
1987,12.0379387991769,0.173810217363771,14
1988,11.8831453323364,0.0190167505233064,14
1989,12.4161183834076,0.551989801594467,14
1990,12.346659387861,0.482530806047859,14
1991,11.7161757264818,-0.147952855331283,14
1992,13.0729782581329,1.20884967631982,14
1993,12.8549053668976,0.99077678508446,14
1994,12.503628219877,0.639499638063847,14
1995,12.9392278535026,1.07509927168943,14
1996,11.9836242539542,0.119495672141086,14
1997,12.9424164295197,1.07828784770654,14
1998,12.9769259861537,1.11279740434061,14
1999,11.250898872103,-0.613229709710114,14
2000,12.3161041736603,0.451975591847156,14
2001,11.5436230387007,-0.320505543112472,14
2002,11.5603755882808,-0.303752993532308,14
2003,12.6575793879373,0.793450806124152,14
2004,13.1624470778874,1.29831849607427,14
2005,12.980352810451,1.11622422863784,14
2006,12.0542481967381,0.190119614924984,14
2007,11.8347712584904,-0.0293573233227009,14
2008,10.6401403290885,-1.22398825272464,14
2009,11.2575490134103,-0.606579568402831,14
2010,11.9149286065783,0.050800024765162,14
2011,11.8753707749503,0.0112421931371777,14
2012,11.7948769501278,-0.0692516316853746,14
2013,12.2269393035344,0.362810721721245,14
2014,12.3743189062391,0.510190324425971,14
2015,13.3534497192928,1.48932113747965,14
2016,13.3844786371504,1.52035005533724,14
2017,12.4632022721427,0.59907369032956,14
2018,12.8204536778586,0.956325096045494,14
1950,10.4996659415109,-1.36446264030223,16
1951,11.1057878562382,-0.758340725574899,16
1952,11.2297064917428,-0.634422090070314,16
1953,11.7735470363072,-0.0905815455059216,16
1954,11.2220627239772,-0.642065857835898,16
1955,10.8908667564392,-0.973261825373918,16
1956,11.8710631643023,0.00693458248915148,16
1957,12.3478749820164,0.483746400203301,16
1958,13.2306014469692,1.36647286515604,16
1959,11.9623036384583,0.0981750566451328,16
1960,11.8328381947109,-0.0312903871022449,16
1961,12.305883373533,0.441754791719849,16
1962,11.8123912811279,-0.0517373006852008,16
1963,12.5906221185412,0.726493536728045,16
1964,11.2862903390612,-0.577838242751929,16
1965,10.9103071689606,-0.95382141285256,16
1966,11.7131859234401,-0.150942658373013,16
1967,11.7375418458666,-0.126586735946503,16
1968,11.540483048984,-0.323645532829145,16
1969,11.3890583515167,-0.4750702302964,16
1970,11.3427294322423,-0.521399149570872,16
1971,10.7318995850427,-1.13222899677045,16
1972,11.3774076529912,-0.486720928821962,16
1973,11.5920849187034,-0.272043663109771,16
1974,11.3970979281834,-0.467030653629713,16
1975,11.243363073894,-0.620765507919166,16
1976,11.1267367090498,-0.737391872763362,16
1977,11.6366580554417,-0.227470526371413,16
1978,12.2922778470176,0.428149265204432,16
1979,11.8755671977997,0.0114386159865527,16
1980,12.0313435622624,0.167214980449272,16
1981,11.8230538708823,-0.0410747109308134,16
1982,11.316054889134,-0.548073692679124,16
1983,12.8505603585924,0.986431776779315,16
1984,11.4281222139086,-0.436006367904523,16
1985,11.7059590135302,-0.158169568282935,16
1986,11.8420831475939,-0.0220454342192144,16
1987,12.0379387991769,0.173810217363771,16
1988,11.8831453323364,0.0190167505233064,16
1989,12.4161183834076,0.551989801594467,16
1990,12.346659387861,0.482530806047859,16
1991,11.7161757264818,-0.147952855331283,16
1992,13.0729782581329,1.20884967631982,16
1993,12.8549053668976,0.99077678508446,16
1994,12.503628219877,0.639499638063847,16
1995,12.9392278535026,1.07509927168943,16
1996,11.9836242539542,0.119495672141086,16
1997,12.9424164295197,1.07828784770654,16
1998,12.9769259861537,1.11279740434061,16
1999,11.250898872103,-0.613229709710114,16
2000,12.3161041736603,0.451975591847156,16
2001,11.5436230387007,-0.320505543112472,16
2002,11.5603755882808,-0.303752993532308,16
2003,12.6575793879373,0.793450806124152,16
2004,13.1624470778874,1.29831849607427,16
2005,12.980352810451,1.11622422863784,16
2006,12.0542481967381,0.190119614924984,16
2007,11.8347712584904,-0.0293573233227009,16
2008,10.6401403290885,-1.22398825272464,16
2009,11.2575490134103,-0.606579568402831,16
2010,11.9149286065783,0.050800024765162,16
2011,11.8753707749503,0.0112421931371777,16
2012,11.7948769501278,-0.0692516316853746,16
2013,12.2269393035344,0.362810721721245,16
2014,12.3743189062391,0.510190324425971,16
2015,13.3534497192928,1.48932113747965,16
2016,13.3844786371504,1.52035005533724,16
2017,12.4632022721427,0.59907369032956,16
2018,12.8204536778586,0.956325096045494,16
1950,10.4996659415109,-1.36446264030223,17
1951,11.1057878562382,-0.758340725574899,17
1952,11.2297064917428,-0.634422090070314,17
1953,11.7735470363072,-0.0905815455059216,17
1954,11.2220627239772,-0.642065857835898,17
1955,10.8908667564392,-0.973261825373918,17
1956,11.8710631643023,0.00693458248915148,17
1957,12.3478749820164,0.483746400203301,17
1958,13.2306014469692,1.36647286515604,17
1959,11.9623036384583,0.0981750566451328,17
1960,11.8328381947109,-0.0312903871022449,17
1961,12.305883373533,0.441754791719849,17
1962,11.8123912811279,-0.0517373006852008,17
1963,12.5906221185412,0.726493536728045,17
1964,11.2862903390612,-0.577838242751929,17
1965,10.9103071689606,-0.95382141285256,17
1966,11.7131859234401,-0.150942658373013,17
1967,11.7375418458666,-0.126586735946503,17
1968,11.540483048984,-0.323645532829145,17
1969,11.3890583515167,-0.4750702302964,17
1970,11.3427294322423,-0.521399149570872,17
1971,10.7318995850427,-1.13222899677045,17
1972,11.3774076529912,-0.486720928821962,17
1973,11.5920849187034,-0.272043663109771,17
1974,11.3970979281834,-0.467030653629713,17
1975,11.243363073894,-0.620765507919166,17
1976,11.1267367090498,-0.737391872763362,17
1977,11.6366580554417,-0.227470526371413,17
1978,12.2922778470176,0.428149265204432,17
1979,11.8755671977997,0.0114386159865527,17
1980,12.0313435622624,0.167214980449272,17
1981,11.8230538708823,-0.0410747109308134,17
1982,11.316054889134,-0.548073692679124,17
1983,12.8505603585924,0.986431776779315,17
1984,11.4281222139086,-0.436006367904523,17
1985,11.7059590135302,-0.158169568282935,17
1986,11.8420831475939,-0.0220454342192144,17
1987,12.0379387991769,0.173810217363771,17
1988,11.8831453323364,0.0190167505233064,17
1989,12.4161183834076,0.551989801594467,17
1990,12.346659387861,0.482530806047859,17
1991,11.7161757264818,-0.147952855331283,17
1992,13.0729782581329,1.20884967631982,17
1993,12.8549053668976,0.99077678508446,17
1994,12.503628219877,0.639499638063847,17
1995,12.9392278535026,1.07509927168943,17
1996,11.9836242539542,0.119495672141086,17
1997,12.9424164295197,1.07828784770654,17
1998,12.9769259861537,1.11279740434061,17
1999,11.250898872103,-0.613229709710114,17
2000,12.3161041736603,0.451975591847156,17
2001,11.5436230387007,-0.320505543112472,17
2002,11.5603755882808,-0.303752993532308,17
2003,12.6575793879373,0.793450806124152,17
2004,13.1624470778874,1.29831849607427,17
2005,12.980352810451,1.11622422863784,17
2006,12.0542481967381,0.190119614924984,17
2007,11.8347712584904,-0.0293573233227009,17
2008,10.6401403290885,-1.22398825272464,17
2009,11.2575490134103,-0.606579568402831,17
2010,11.9149286065783,0.050800024765162,17
2011,11.8753707749503,0.0112421931371777,17
2012,11.7948769501278,-0.0692516316853746,17
2013,12.2269393035344,0.362810721721245,17
2014,12.3743189062391,0.510190324425971,17
2015,13.3534497192928,1.48932113747965,17
2016,13.3844786371504,1.52035005533724,17
2017,12.4632022721427,0.59907369032956,17
2018,12.8204536778586,0.956325096045494,17
1950,10.4996659415109,-1.36446264030223,18
1951,11.1057878562382,-0.758340725574899,18
1952,11.2297064917428,-0.634422090070314,18
1953,11.7735470363072,-0.0905815455059216,18
1954,11.2220627239772,-0.642065857835898,18
1955,10.8908667564392,-0.973261825373918,18
1956,11.8710631643023,0.00693458248915148,18
1957,12.3478749820164,0.483746400203301,18
1958,13.2306014469692,1.36647286515604,18
1959,11.9623036384583,0.0981750566451328,18
1960,11.8328381947109,-0.0312903871022449,18
1961,12.305883373533,0.441754791719849,18
1962,11.8123912811279,-0.0517373006852008,18
1963,12.5906221185412,0.726493536728045,18
1964,11.2862903390612,-0.577838242751929,18
1965,10.9103071689606,-0.95382141285256,18
1966,11.7131859234401,-0.150942658373013,18
1967,11.7375418458666,-0.126586735946503,18
1968,11.540483048984,-0.323645532829145,18
1969,11.3890583515167,-0.4750702302964,18
1970,11.3427294322423,-0.521399149570872,18
1971,10.7318995850427,-1.13222899677045,18
1972,11.3774076529912,-0.486720928821962,18
1973,11.5920849187034,-0.272043663109771,18
1974,11.3970979281834,-0.467030653629713,18
1975,11.243363073894,-0.620765507919166,18
1976,11.1267367090498,-0.737391872763362,18
1977,11.6366580554417,-0.227470526371413,18
1978,12.2922778470176,0.428149265204432,18
1979,11.8755671977997,0.0114386159865527,18
1980,12.0313435622624,0.167214980449272,18
1981,11.8230538708823,-0.0410747109308134,18
1982,11.316054889134,-0.548073692679124,18
1983,12.8505603585924,0.986431776779315,18
1984,11.4281222139086,-0.436006367904523,18
1985,11.7059590135302,-0.158169568282935,18
1986,11.8420831475939,-0.0220454342192144,18
1987,12.0379387991769,0.173810217363771,18
1988,11.8831453323364,0.0190167505233064,18
1989,12.4161183834076,0.551989801594467,18
1990,12.346659387861,0.482530806047859,18
1991,11.7161757264818,-0.147952855331283,18
1992,13.0729782581329,1.20884967631982,18
1993,12.8549053668976,0.99077678508446,18
1994,12.503628219877,0.639499638063847,18
1995,12.9392278535026,1.07509927168943,18
1996,11.9836242539542,0.119495672141086,18
1997,12.9424164295197,1.07828784770654,18
1998,12.9769259861537,1.11279740434061,18
1999,11.250898872103,-0.613229709710114,18
2000,12.3161041736603,0.451975591847156,18
2001,11.5436230387007,-0.320505543112472,18
2002,11.5603755882808,-0.303752993532308,18
2003,12.6575793879373,0.793450806124152,18
2004,13.1624470778874,1.29831849607427,18
2005,12.980352810451,1.11622422863784,18
2006,12.0542481967381,0.190119614924984,18
2007,11.8347712584904,-0.0293573233227009,18
2008,10.6401403290885,-1.22398825272464,18
2009,11.2575490134103,-0.606579568402831,18
2010,11.9149286065783,0.050800024765162,18
2011,11.8753707749503,0.0112421931371777,18
2012,11.7948769501278,-0.0692516316853746,18
2013,12.2269393035344,0.362810721721245,18
2014,12.3743189062391,0.510190324425971,18
2015,13.3534497192928,1.48932113747965,18
2016,13.3844786371504,1.52035005533724,18
2017,12.4632022721427,0.59907369032956,18
2018,12.8204536778586,0.956325096045494,18
1950,10.4996659415109,-1.36446264030223,5
1951,11.1057878562382,-0.758340725574899,5
1952,11.2297064917428,-0.634422090070314,5
1953,11.7735470363072,-0.0905815455059216,5
1954,11.2220627239772,-0.642065857835898,5
1955,10.8908667564392,-0.973261825373918,5
1956,11.8710631643023,0.00693458248915148,5
1957,12.3478749820164,0.483746400203301,5
1958,13.2306014469692,1.36647286515604,5
1959,11.9623036384583,0.0981750566451328,5
1960,11.8328381947109,-0.0312903871022449,5
1961,12.305883373533,0.441754791719849,5
1962,11.8123912811279,-0.0517373006852008,5
1963,12.5906221185412,0.726493536728045,5
1964,11.2862903390612,-0.577838242751929,5
1965,10.9103071689606,-0.95382141285256,5
1966,11.7131859234401,-0.150942658373013,5
1967,11.7375418458666,-0.126586735946503,5
1968,11.540483048984,-0.323645532829145,5
1969,11.3890583515167,-0.4750702302964,5
1970,11.3427294322423,-0.521399149570872,5
1971,10.7318995850427,-1.13222899677045,5
1972,11.3774076529912,-0.486720928821962,5
1973,11.5920849187034,-0.272043663109771,5
1974,11.3970979281834,-0.467030653629713,5
1975,11.243363073894,-0.620765507919166,5
1976,11.1267367090498,-0.737391872763362,5
1977,11.6366580554417,-0.227470526371413,5
1978,12.2922778470176,0.428149265204432,5
1979,11.8755671977997,0.0114386159865527,5
1980,12.0313435622624,0.167214980449272,5
1981,11.8230538708823,-0.0410747109308134,5
1982,11.316054889134,-0.548073692679124,5
1983,12.8505603585924,0.986431776779315,5
1984,11.4281222139086,-0.436006367904523,5
1985,11.7059590135302,-0.158169568282935,5
1986,11.8420831475939,-0.0220454342192144,5
1987,12.0379387991769,0.173810217363771,5
1988,11.8831453323364,0.0190167505233064,5
1989,12.4161183834076,0.551989801594467,5
1990,12.346659387861,0.482530806047859,5
1991,11.7161757264818,-0.147952855331283,5
1992,13.0729782581329,1.20884967631982,5
1993,12.8549053668976,0.99077678508446,5
1994,12.503628219877,0.639499638063847,5
1995,12.9392278535026,1.07509927168943,5
1996,11.9836242539542,0.119495672141086,5
1997,12.9424164295197,1.07828784770654,5
1998,12.9769259861537,1.11279740434061,5
1999,11.250898872103,-0.613229709710114,5
2000,12.3161041736603,0.451975591847156,5
2001,11.5436230387007,-0.320505543112472,5
2002,11.5603755882808,-0.303752993532308,5
2003,12.6575793879373,0.793450806124152,5
2004,13.1624470778874,1.29831849607427,5
2005,12.980352810451,1.11622422863784,5
2006,12.0542481967381,0.190119614924984,5
2007,11.8347712584904,-0.0293573233227009,5
2008,10.6401403290885,-1.22398825272464,5
2009,11.2575490134103,-0.606579568402831,5
2010,11.9149286065783,0.050800024765162,5
2011,11.8753707749503,0.0112421931371777,5
2012,11.7948769501278,-0.0692516316853746,5
2013,12.2269393035344,0.362810721721245,5
2014,12.3743189062391,0.510190324425971,5
2015,13.3534497192928,1.48932113747965,5
2016,13.3844786371504,1.52035005533724,5
2017,12.4632022721427,0.59907369032956,5
2018,12.8204536778586,0.956325096045494,5
1950,10.4996659415109,-1.36446264030223,15
1951,11.1057878562382,-0.758340725574899,15
1952,11.2297064917428,-0.634422090070314,15
1953,11.7735470363072,-0.0905815455059216,15
1954,11.2220627239772,-0.642065857835898,15
1955,10.8908667564392,-0.973261825373918,15
1956,11.8710631643023,0.00693458248915148,15
1957,12.3478749820164,0.483746400203301,15
1958,13.2306014469692,1.36647286515604,15
1959,11.9623036384583,0.0981750566451328,15
1960,11.8328381947109,-0.0312903871022449,15
1961,12.305883373533,0.441754791719849,15
1962,11.8123912811279,-0.0517373006852008,15
1963,12.5906221185412,0.726493536728045,15
1964,11.2862903390612,-0.577838242751929,15
1965,10.9103071689606,-0.95382141285256,15
1966,11.7131859234401,-0.150942658373013,15
1967,11.7375418458666,-0.126586735946503,15
1968,11.540483048984,-0.323645532829145,15
1969,11.3890583515167,-0.4750702302964,15
1970,11.3427294322423,-0.521399149570872,15
1971,10.7318995850427,-1.13222899677045,15
1972,11.3774076529912,-0.486720928821962,15
1973,11.5920849187034,-0.272043663109771,15
1974,11.3970979281834,-0.467030653629713,15
1975,11.243363073894,-0.620765507919166,15
1976,11.1267367090498,-0.737391872763362,15
1977,11.6366580554417,-0.227470526371413,15
1978,12.2922778470176,0.428149265204432,15
1979,11.8755671977997,0.0114386159865527,15
1980,12.0313435622624,0.167214980449272,15
1981,11.8230538708823,-0.0410747109308134,15
1982,11.316054889134,-0.548073692679124,15
1983,12.8505603585924,0.986431776779315,15
1984,11.4281222139086,-0.436006367904523,15
1985,11.7059590135302,-0.158169568282935,15
1986,11.8420831475939,-0.0220454342192144,15
1987,12.0379387991769,0.173810217363771,15
1988,11.8831453323364,0.0190167505233064,15
1989,12.4161183834076,0.551989801594467,15
1990,12.346659387861,0.482530806047859,15
1991,11.7161757264818,-0.147952855331283,15
1992,13.0729782581329,1.20884967631982,15
1993,12.8549053668976,0.99077678508446,15
1994,12.503628219877,0.639499638063847,15
1995,12.9392278535026,1.07509927168943,15
1996,11.9836242539542,0.119495672141086,15
1997,12.9424164295197,1.07828784770654,15
1998,12.9769259861537,1.11279740434061,15
1999,11.250898872103,-0.613229709710114,15
2000,12.3161041736603,0.451975591847156,15
2001,11.5436230387007,-0.320505543112472,15
2002,11.5603755882808,-0.303752993532308,15
2003,12.6575793879373,0.793450806124152,15
2004,13.1624470778874,1.29831849607427,15
2005,12.980352810451,1.11622422863784,15
2006,12.0542481967381,0.190119614924984,15
2007,11.8347712584904,-0.0293573233227009,15
2008,10.6401403290885,-1.22398825272464,15
2009,11.2575490134103,-0.606579568402831,15
2010,11.9149286065783,0.050800024765162,15
2011,11.8753707749503,0.0112421931371777,15
2012,11.7948769501278,-0.0692516316853746,15
2013,12.2269393035344,0.362810721721245,15
2014,12.3743189062391,0.510190324425971,15
2015,13.3534497192928,1.48932113747965,15
2016,13.3844786371504,1.52035005533724,15
2017,12.4632022721427,0.59907369032956,15
2018,12.8204536778586,0.956325096045494,15
1950,10.4996659415109,-1.36446264030223,8
1951,11.1057878562382,-0.758340725574899,8
1952,11.2297064917428,-0.634422090070314,8
1953,11.7735470363072,-0.0905815455059216,8
1954,11.2220627239772,-0.642065857835898,8
1955,10.8908667564392,-0.973261825373918,8
1956,11.8710631643023,0.00693458248915148,8
1957,12.3478749820164,0.483746400203301,8
1958,13.2306014469692,1.36647286515604,8
1959,11.9623036384583,0.0981750566451328,8
1960,11.8328381947109,-0.0312903871022449,8
1961,12.305883373533,0.441754791719849,8
1962,11.8123912811279,-0.0517373006852008,8
1963,12.5906221185412,0.726493536728045,8
1964,11.2862903390612,-0.577838242751929,8
1965,10.9103071689606,-0.95382141285256,8
1966,11.7131859234401,-0.150942658373013,8
1967,11.7375418458666,-0.126586735946503,8
1968,11.540483048984,-0.323645532829145,8
1969,11.3890583515167,-0.4750702302964,8
1970,11.3427294322423,-0.521399149570872,8
1971,10.7318995850427,-1.13222899677045,8
1972,11.3774076529912,-0.486720928821962,8
1973,11.5920849187034,-0.272043663109771,8
1974,11.3970979281834,-0.467030653629713,8
1975,11.243363073894,-0.620765507919166,8
1976,11.1267367090498,-0.737391872763362,8
1977,11.6366580554417,-0.227470526371413,8
1978,12.2922778470176,0.428149265204432,8
1979,11.8755671977997,0.0114386159865527,8
1980,12.0313435622624,0.167214980449272,8
1981,11.8230538708823,-0.0410747109308134,8
1982,11.316054889134,-0.548073692679124,8
1983,12.8505603585924,0.986431776779315,8
1984,11.4281222139086,-0.436006367904523,8
1985,11.7059590135302,-0.158169568282935,8
1986,11.8420831475939,-0.0220454342192144,8
1987,12.0379387991769,0.173810217363771,8
1988,11.8831453323364,0.0190167505233064,8
1989,12.4161183834076,0.551989801594467,8
1990,12.346659387861,0.482530806047859,8
1991,11.7161757264818,-0.147952855331283,8
1992,13.0729782581329,1.20884967631982,8
1993,12.8549053668976,0.99077678508446,8
1994,12.503628219877,0.639499638063847,8
1995,12.9392278535026,1.07509927168943,8
1996,11.9836242539542,0.119495672141086,8
1997,12.9424164295197,1.07828784770654,8
1998,12.9769259861537,1.11279740434061,8
1999,11.250898872103,-0.613229709710114,8
2000,12.3161041736603,0.451975591847156,8
2001,11.5436230387007,-0.320505543112472,8
2002,11.5603755882808,-0.303752993532308,8
2003,12.6575793879373,0.793450806124152,8
2004,13.1624470778874,1.29831849607427,8
2005,12.980352810451,1.11622422863784,8
2006,12.0542481967381,0.190119614924984,8
2007,11.8347712584904,-0.0293573233227009,8
2008,10.6401403290885,-1.22398825272464,8
2009,11.2575490134103,-0.606579568402831,8
2010,11.9149286065783,0.050800024765162,8
2011,11.8753707749503,0.0112421931371777,8
2012,11.7948769501278,-0.0692516316853746,8
2013,12.2269393035344,0.362810721721245,8
2014,12.3743189062391,0.510190324425971,8
2015,13.3534497192928,1.48932113747965,8
2016,13.3844786371504,1.52035005533724,8
2017,12.4632022721427,0.59907369032956,8
2018,12.8204536778586,0.956325096045494,8
1950,10.4996659415109,-1.36446264030223,7
1951,11.1057878562382,-0.758340725574899,7
1952,11.2297064917428,-0.634422090070314,7
1953,11.7735470363072,-0.0905815455059216,7
1954,11.2220627239772,-0.642065857835898,7
1955,10.8908667564392,-0.973261825373918,7
1956,11.8710631643023,0.00693458248915148,7
1957,12.3478749820164,0.483746400203301,7
1958,13.2306014469692,1.36647286515604,7
1959,11.9623036384583,0.0981750566451328,7
1960,11.8328381947109,-0.0312903871022449,7
1961,12.305883373533,0.441754791719849,7
1962,11.8123912811279,-0.0517373006852008,7
1963,12.5906221185412,0.726493536728045,7
1964,11.2862903390612,-0.577838242751929,7
1965,10.9103071689606,-0.95382141285256,7
1966,11.7131859234401,-0.150942658373013,7
1967,11.7375418458666,-0.126586735946503,7
1968,11.540483048984,-0.323645532829145,7
1969,11.3890583515167,-0.4750702302964,7
1970,11.3427294322423,-0.521399149570872,7
1971,10.7318995850427,-1.13222899677045,7
1972,11.3774076529912,-0.486720928821962,7
1973,11.5920849187034,-0.272043663109771,7
1974,11.3970979281834,-0.467030653629713,7
1975,11.243363073894,-0.620765507919166,7
1976,11.1267367090498,-0.737391872763362,7
1977,11.6366580554417,-0.227470526371413,7
1978,12.2922778470176,0.428149265204432,7
1979,11.8755671977997,0.0114386159865527,7
1980,12.0313435622624,0.167214980449272,7
1981,11.8230538708823,-0.0410747109308134,7
1982,11.316054889134,-0.548073692679124,7
1983,12.8505603585924,0.986431776779315,7
1984,11.4281222139086,-0.436006367904523,7
1985,11.7059590135302,-0.158169568282935,7
1986,11.8420831475939,-0.0220454342192144,7
1987,12.0379387991769,0.173810217363771,7
1988,11.8831453323364,0.0190167505233064,7
1989,12.4161183834076,0.551989801594467,7
1990,12.346659387861,0.482530806047859,7
1991,11.7161757264818,-0.147952855331283,7
1992,13.0729782581329,1.20884967631982,7
1993,12.8549053668976,0.99077678508446,7
1994,12.503628219877,0.639499638063847,7
1995,12.9392278535026,1.07509927168943,7
1996,11.9836242539542,0.119495672141086,7
1997,12.9424164295197,1.07828784770654,7
1998,12.9769259861537,1.11279740434061,7
1999,11.250898872103,-0.613229709710114,7
2000,12.3161041736603,0.451975591847156,7
2001,11.5436230387007,-0.320505543112472,7
2002,11.5603755882808,-0.303752993532308,7
2003,12.6575793879373,0.793450806124152,7
2004,13.1624470778874,1.29831849607427,7
2005,12.980352810451,1.11622422863784,7
2006,12.0542481967381,0.190119614924984,7
2007,11.8347712584904,-0.0293573233227009,7
2008,10.6401403290885,-1.22398825272464,7
2009,11.2575490134103,-0.606579568402831,7
2010,11.9149286065783,0.050800024765162,7
2011,11.8753707749503,0.0112421931371777,7
2012,11.7948769501278,-0.0692516316853746,7
2013,12.2269393035344,0.362810721721245,7
2014,12.3743189062391,0.510190324425971,7
2015,13.3534497192928,1.48932113747965,7
2016,13.3844786371504,1.52035005533724,7
2017,12.4632022721427,0.59907369032956,7
2018,12.8204536778586,0.956325096045494,7
1950,10.4996659415109,-1.36446264030223,2
1951,11.1057878562382,-0.758340725574899,2
1952,11.2297064917428,-0.634422090070314,2
1953,11.7735470363072,-0.0905815455059216,2
1954,11.2220627239772,-0.642065857835898,2
1955,10.8908667564392,-0.973261825373918,2
1956,11.8710631643023,0.00693458248915148,2
1957,12.3478749820164,0.483746400203301,2
1958,13.2306014469692,1.36647286515604,2
1959,11.9623036384583,0.0981750566451328,2
1960,11.8328381947109,-0.0312903871022449,2
1961,12.305883373533,0.441754791719849,2
1962,11.8123912811279,-0.0517373006852008,2
1963,12.5906221185412,0.726493536728045,2
1964,11.2862903390612,-0.577838242751929,2
1965,10.9103071689606,-0.95382141285256,2
1966,11.7131859234401,-0.150942658373013,2
1967,11.7375418458666,-0.126586735946503,2
1968,11.540483048984,-0.323645532829145,2
1969,11.3890583515167,-0.4750702302964,2
1970,11.3427294322423,-0.521399149570872,2
1971,10.7318995850427,-1.13222899677045,2
1972,11.3774076529912,-0.486720928821962,2
1973,11.5920849187034,-0.272043663109771,2
1974,11.3970979281834,-0.467030653629713,2
1975,11.243363073894,-0.620765507919166,2
1976,11.1267367090498,-0.737391872763362,2
1977,11.6366580554417,-0.227470526371413,2
1978,12.2922778470176,0.428149265204432,2
1979,11.8755671977997,0.0114386159865527,2
1980,12.0313435622624,0.167214980449272,2
1981,11.8230538708823,-0.0410747109308134,2
1982,11.316054889134,-0.548073692679124,2
1983,12.8505603585924,0.986431776779315,2
1984,11.4281222139086,-0.436006367904523,2
1985,11.7059590135302,-0.158169568282935,2
1986,11.8420831475939,-0.0220454342192144,2
1987,12.0379387991769,0.173810217363771,2
1988,11.8831453323364,0.0190167505233064,2
1989,12.4161183834076,0.551989801594467,2
1990,12.346659387861,0.482530806047859,2
1991,11.7161757264818,-0.147952855331283,2
1992,13.0729782581329,1.20884967631982,2
1993,12.8549053668976,0.99077678508446,2
1994,12.503628219877,0.639499638063847,2
1995,12.9392278535026,1.07509927168943,2
1996,11.9836242539542,0.119495672141086,2
1997,12.9424164295197,1.07828784770654,2
1998,12.9769259861537,1.11279740434061,2
1999,11.250898872103,-0.613229709710114,2
2000,12.3161041736603,0.451975591847156,2
2001,11.5436230387007,-0.320505543112472,2
2002,11.5603755882808,-0.303752993532308,2
2003,12.6575793879373,0.793450806124152,2
2004,13.1624470778874,1.29831849607427,2
2005,12.980352810451,1.11622422863784,2
2006,12.0542481967381,0.190119614924984,2
2007,11.8347712584904,-0.0293573233227009,2
2008,10.6401403290885,-1.22398825272464,2
2009,11.2575490134103,-0.606579568402831,2
2010,11.9149286065783,0.050800024765162,2
2011,11.8753707749503,0.0112421931371777,2
2012,11.7948769501278,-0.0692516316853746,2
2013,12.2269393035344,0.362810721721245,2
2014,12.3743189062391,0.510190324425971,2
2015,13.3534497192928,1.48932113747965,2
2016,13.3844786371504,1.52035005533724,2
2017,12.4632022721427,0.59907369032956,2
2018,12.8204536778586,0.956325096045494,2
1950,10.4996659415109,-1.36446264030223,6
1951,11.1057878562382,-0.758340725574899,6
1952,11.2297064917428,-0.634422090070314,6
1953,11.7735470363072,-0.0905815455059216,6
1954,11.2220627239772,-0.642065857835898,6
1955,10.8908667564392,-0.973261825373918,6
1956,11.8710631643023,0.00693458248915148,6
1957,12.3478749820164,0.483746400203301,6
1958,13.2306014469692,1.36647286515604,6
1959,11.9623036384583,0.0981750566451328,6
1960,11.8328381947109,-0.0312903871022449,6
1961,12.305883373533,0.441754791719849,6
1962,11.8123912811279,-0.0517373006852008,6
1963,12.5906221185412,0.726493536728045,6
1964,11.2862903390612,-0.577838242751929,6
1965,10.9103071689606,-0.95382141285256,6
1966,11.7131859234401,-0.150942658373013,6
1967,11.7375418458666,-0.126586735946503,6
1968,11.540483048984,-0.323645532829145,6
1969,11.3890583515167,-0.4750702302964,6
1970,11.3427294322423,-0.521399149570872,6
1971,10.7318995850427,-1.13222899677045,6
1972,11.3774076529912,-0.486720928821962,6
1973,11.5920849187034,-0.272043663109771,6
1974,11.3970979281834,-0.467030653629713,6
1975,11.243363073894,-0.620765507919166,6
1976,11.1267367090498,-0.737391872763362,6
1977,11.6366580554417,-0.227470526371413,6
1978,12.2922778470176,0.428149265204432,6
1979,11.8755671977997,0.0114386159865527,6
1980,12.0313435622624,0.167214980449272,6
1981,11.8230538708823,-0.0410747109308134,6
1982,11.316054889134,-0.548073692679124,6
1983,12.8505603585924,0.986431776779315,6
1984,11.4281222139086,-0.436006367904523,6
1985,11.7059590135302,-0.158169568282935,6
1986,11.8420831475939,-0.0220454342192144,6
1987,12.0379387991769,0.173810217363771,6
1988,11.8831453323364,0.0190167505233064,6
1989,12.4161183834076,0.551989801594467,6
1990,12.346659387861,0.482530806047859,6
1991,11.7161757264818,-0.147952855331283,6
1992,13.0729782581329,1.20884967631982,6
1993,12.8549053668976,0.99077678508446,6
1994,12.503628219877,0.639499638063847,6
1995,12.9392278535026,1.07509927168943,6
1996,11.9836242539542,0.119495672141086,6
1997,12.9424164295197,1.07828784770654,6
1998,12.9769259861537,1.11279740434061,6
1999,11.250898872103,-0.613229709710114,6
2000,12.3161041736603,0.451975591847156,6
2001,11.5436230387007,-0.320505543112472,6
2002,11.5603755882808,-0.303752993532308,6
2003,12.6575793879373,0.793450806124152,6
2004,13.1624470778874,1.29831849607427,6
2005,12.980352810451,1.11622422863784,6
2006,12.0542481967381,0.190119614924984,6
2007,11.8347712584904,-0.0293573233227009,6
2008,10.6401403290885,-1.22398825272464,6
2009,11.2575490134103,-0.606579568402831,6
2010,11.9149286065783,0.050800024765162,6
2011,11.8753707749503,0.0112421931371777,6
2012,11.7948769501278,-0.0692516316853746,6
2013,12.2269393035344,0.362810721721245,6
2014,12.3743189062391,0.510190324425971,6
2015,13.3534497192928,1.48932113747965,6
2016,13.3844786371504,1.52035005533724,6
2017,12.4632022721427,0.59907369032956,6
2018,12.8204536778586,0.956325096045494,6
1950,10.4996659415109,-1.36446264030223,3
1951,11.1057878562382,-0.758340725574899,3
1952,11.2297064917428,-0.634422090070314,3
1953,11.7735470363072,-0.0905815455059216,3
1954,11.2220627239772,-0.642065857835898,3
1955,10.8908667564392,-0.973261825373918,3
1956,11.8710631643023,0.00693458248915148,3
1957,12.3478749820164,0.483746400203301,3
1958,13.2306014469692,1.36647286515604,3
1959,11.9623036384583,0.0981750566451328,3
1960,11.8328381947109,-0.0312903871022449,3
1961,12.305883373533,0.441754791719849,3
1962,11.8123912811279,-0.0517373006852008,3
1963,12.5906221185412,0.726493536728045,3
1964,11.2862903390612,-0.577838242751929,3
1965,10.9103071689606,-0.95382141285256,3
1966,11.7131859234401,-0.150942658373013,3
1967,11.7375418458666,-0.126586735946503,3
1968,11.540483048984,-0.323645532829145,3
1969,11.3890583515167,-0.4750702302964,3
1970,11.3427294322423,-0.521399149570872,3
1971,10.7318995850427,-1.13222899677045,3
1972,11.3774076529912,-0.486720928821962,3
1973,11.5920849187034,-0.272043663109771,3
1974,11.3970979281834,-0.467030653629713,3
1975,11.243363073894,-0.620765507919166,3
1976,11.1267367090498,-0.737391872763362,3
1977,11.6366580554417,-0.227470526371413,3
1978,12.2922778470176,0.428149265204432,3
1979,11.8755671977997,0.0114386159865527,3
1980,12.0313435622624,0.167214980449272,3
1981,11.8230538708823,-0.0410747109308134,3
1982,11.316054889134,-0.548073692679124,3
1983,12.8505603585924,0.986431776779315,3
1984,11.4281222139086,-0.436006367904523,3
1985,11.7059590135302,-0.158169568282935,3
1986,11.8420831475939,-0.0220454342192144,3
1987,12.0379387991769,0.173810217363771,3
1988,11.8831453323364,0.0190167505233064,3
1989,12.4161183834076,0.551989801594467,3
1990,12.346659387861,0.482530806047859,3
1991,11.7161757264818,-0.147952855331283,3
1992,13.0729782581329,1.20884967631982,3
1993,12.8549053668976,0.99077678508446,3
1994,12.503628219877,0.639499638063847,3
1995,12.9392278535026,1.07509927168943,3
1996,11.9836242539542,0.119495672141086,3
1997,12.9424164295197,1.07828784770654,3
1998,12.9769259861537,1.11279740434061,3
1999,11.250898872103,-0.613229709710114,3
2000,12.3161041736603,0.451975591847156,3
2001,11.5436230387007,-0.320505543112472,3
2002,11.5603755882808,-0.303752993532308,3
2003,12.6575793879373,0.793450806124152,3
2004,13.1624470778874,1.29831849607427,3
2005,12.980352810451,1.11622422863784,3
2006,12.0542481967381,0.190119614924984,3
2007,11.8347712584904,-0.0293573233227009,3
2008,10.6401403290885,-1.22398825272464,3
2009,11.2575490134103,-0.606579568402831,3
2010,11.9149286065783,0.050800024765162,3
2011,11.8753707749503,0.0112421931371777,3
2012,11.7948769501278,-0.0692516316853746,3
2013,12.2269393035344,0.362810721721245,3
2014,12.3743189062391,0.510190324425971,3
2015,13.3534497192928,1.48932113747965,3
2016,13.3844786371504,1.52035005533724,3
2017,12.4632022721427,0.59907369032956,3
2018,12.8204536778586,0.956325096045494,3
1950,10.4996659415109,-1.36446264030223,10
1951,11.1057878562382,-0.758340725574899,10
1952,11.2297064917428,-0.634422090070314,10
1953,11.7735470363072,-0.0905815455059216,10
1954,11.2220627239772,-0.642065857835898,10
1955,10.8908667564392,-0.973261825373918,10
1956,11.8710631643023,0.00693458248915148,10
1957,12.3478749820164,0.483746400203301,10
1958,13.2306014469692,1.36647286515604,10
1959,11.9623036384583,0.0981750566451328,10
1960,11.8328381947109,-0.0312903871022449,10
1961,12.305883373533,0.441754791719849,10
1962,11.8123912811279,-0.0517373006852008,10
1963,12.5906221185412,0.726493536728045,10
1964,11.2862903390612,-0.577838242751929,10
1965,10.9103071689606,-0.95382141285256,10
1966,11.7131859234401,-0.150942658373013,10
1967,11.7375418458666,-0.126586735946503,10
1968,11.540483048984,-0.323645532829145,10
1969,11.3890583515167,-0.4750702302964,10
1970,11.3427294322423,-0.521399149570872,10
1971,10.7318995850427,-1.13222899677045,10
1972,11.3774076529912,-0.486720928821962,10
1973,11.5920849187034,-0.272043663109771,10
1974,11.3970979281834,-0.467030653629713,10
1975,11.243363073894,-0.620765507919166,10
1976,11.1267367090498,-0.737391872763362,10
1977,11.6366580554417,-0.227470526371413,10
1978,12.2922778470176,0.428149265204432,10
1979,11.8755671977997,0.0114386159865527,10
1980,12.0313435622624,0.167214980449272,10
1981,11.8230538708823,-0.0410747109308134,10
1982,11.316054889134,-0.548073692679124,10
1983,12.8505603585924,0.986431776779315,10
1984,11.4281222139086,-0.436006367904523,10
1985,11.7059590135302,-0.158169568282935,10
1986,11.8420831475939,-0.0220454342192144,10
1987,12.0379387991769,0.173810217363771,10
1988,11.8831453323364,0.0190167505233064,10
1989,12.4161183834076,0.551989801594467,10
1990,12.346659387861,0.482530806047859,10
1991,11.7161757264818,-0.147952855331283,10
1992,13.0729782581329,1.20884967631982,10
1993,12.8549053668976,0.99077678508446,10
1994,12.503628219877,0.639499638063847,10
1995,12.9392278535026,1.07509927168943,10
1996,11.9836242539542,0.119495672141086,10
1997,12.9424164295197,1.07828784770654,10
1998,12.9769259861537,1.11279740434061,10
1999,11.250898872103,-0.613229709710114,10
2000,12.3161041736603,0.451975591847156,10
2001,11.5436230387007,-0.320505543112472,10
2002,11.5603755882808,-0.303752993532308,10
2003,12.6575793879373,0.793450806124152,10
2004,13.1624470778874,1.29831849607427,10
2005,12.980352810451,1.11622422863784,10
2006,12.0542481967381,0.190119614924984,10
2007,11.8347712584904,-0.0293573233227009,10
2008,10.6401403290885,-1.22398825272464,10
2009,11.2575490134103,-0.606579568402831,10
2010,11.9149286065783,0.050800024765162,10
2011,11.8753707749503,0.0112421931371777,10
2012,11.7948769501278,-0.0692516316853746,10
2013,12.2269393035344,0.362810721721245,10
2014,12.3743189062391,0.510190324425971,10
2015,13.3534497192928,1.48932113747965,10
2016,13.3844786371504,1.52035005533724,10
2017,12.4632022721427,0.59907369032956,10
2018,12.8204536778586,0.956325096045494,10
1950,10.4996659415109,-1.36446264030223,11
1951,11.1057878562382,-0.758340725574899,11
1952,11.2297064917428,-0.634422090070314,11
1953,11.7735470363072,-0.0905815455059216,11
1954,11.2220627239772,-0.642065857835898,11
1955,10.8908667564392,-0.973261825373918,11
1956,11.8710631643023,0.00693458248915148,11
1957,12.3478749820164,0.483746400203301,11
1958,13.2306014469692,1.36647286515604,11
1959,11.9623036384583,0.0981750566451328,11
1960,11.8328381947109,-0.0312903871022449,11
1961,12.305883373533,0.441754791719849,11
1962,11.8123912811279,-0.0517373006852008,11
1963,12.5906221185412,0.726493536728045,11
1964,11.2862903390612,-0.577838242751929,11
1965,10.9103071689606,-0.95382141285256,11
1966,11.7131859234401,-0.150942658373013,11
1967,11.7375418458666,-0.126586735946503,11
1968,11.540483048984,-0.323645532829145,11
1969,11.3890583515167,-0.4750702302964,11
1970,11.3427294322423,-0.521399149570872,11
1971,10.7318995850427,-1.13222899677045,11
1972,11.3774076529912,-0.486720928821962,11
1973,11.5920849187034,-0.272043663109771,11
1974,11.3970979281834,-0.467030653629713,11
1975,11.243363073894,-0.620765507919166,11
1976,11.1267367090498,-0.737391872763362,11
1977,11.6366580554417,-0.227470526371413,11
1978,12.2922778470176,0.428149265204432,11
1979,11.8755671977997,0.0114386159865527,11
1980,12.0313435622624,0.167214980449272,11
1981,11.8230538708823,-0.0410747109308134,11
1982,11.316054889134,-0.548073692679124,11
1983,12.8505603585924,0.986431776779315,11
1984,11.4281222139086,-0.436006367904523,11
1985,11.7059590135302,-0.158169568282935,11
1986,11.8420831475939,-0.0220454342192144,11
1987,12.0379387991769,0.173810217363771,11
1988,11.8831453323364,0.0190167505233064,11
1989,12.4161183834076,0.551989801594467,11
1990,12.346659387861,0.482530806047859,11
1991,11.7161757264818,-0.147952855331283,11
1992,13.0729782581329,1.20884967631982,11
1993,12.8549053668976,0.99077678508446,11
1994,12.503628219877,0.639499638063847,11
1995,12.9392278535026,1.07509927168943,11
1996,11.9836242539542,0.119495672141086,11
1997,12.9424164295197,1.07828784770654,11
1998,12.9769259861537,1.11279740434061,11
1999,11.250898872103,-0.613229709710114,11
2000,12.3161041736603,0.451975591847156,11
2001,11.5436230387007,-0.320505543112472,11
2002,11.5603755882808,-0.303752993532308,11
2003,12.6575793879373,0.793450806124152,11
2004,13.1624470778874,1.29831849607427,11
2005,12.980352810451,1.11622422863784,11
2006,12.0542481967381,0.190119614924984,11
2007,11.8347712584904,-0.0293573233227009,11
2008,10.6401403290885,-1.22398825272464,11
2009,11.2575490134103,-0.606579568402831,11
2010,11.9149286065783,0.050800024765162,11
2011,11.8753707749503,0.0112421931371777,11
2012,11.7948769501278,-0.0692516316853746,11
2013,12.2269393035344,0.362810721721245,11
2014,12.3743189062391,0.510190324425971,11
2015,13.3534497192928,1.48932113747965,11
2016,13.3844786371504,1.52035005533724,11
2017,12.4632022721427,0.59907369032956,11
2018,12.8204536778586,0.956325096045494,11
1950,10.4996659415109,-1.36446264030223,19
1951,11.1057878562382,-0.758340725574899,19
1952,11.2297064917428,-0.634422090070314,19
1953,11.7735470363072,-0.0905815455059216,19
1954,11.2220627239772,-0.642065857835898,19
1955,10.8908667564392,-0.973261825373918,19
1956,11.8710631643023,0.00693458248915148,19
1957,12.3478749820164,0.483746400203301,19
1958,13.2306014469692,1.36647286515604,19
1959,11.9623036384583,0.0981750566451328,19
1960,11.8328381947109,-0.0312903871022449,19
1961,12.305883373533,0.441754791719849,19
1962,11.8123912811279,-0.0517373006852008,19
1963,12.5906221185412,0.726493536728045,19
1964,11.2862903390612,-0.577838242751929,19
1965,10.9103071689606,-0.95382141285256,19
1966,11.7131859234401,-0.150942658373013,19
1967,11.7375418458666,-0.126586735946503,19
1968,11.540483048984,-0.323645532829145,19
1969,11.3890583515167,-0.4750702302964,19
1970,11.3427294322423,-0.521399149570872,19
1971,10.7318995850427,-1.13222899677045,19
1972,11.3774076529912,-0.486720928821962,19
1973,11.5920849187034,-0.272043663109771,19
1974,11.3970979281834,-0.467030653629713,19
1975,11.243363073894,-0.620765507919166,19
1976,11.1267367090498,-0.737391872763362,19
1977,11.6366580554417,-0.227470526371413,19
1978,12.2922778470176,0.428149265204432,19
1979,11.8755671977997,0.0114386159865527,19
1980,12.0313435622624,0.167214980449272,19
1981,11.8230538708823,-0.0410747109308134,19
1982,11.316054889134,-0.548073692679124,19
1983,12.8505603585924,0.986431776779315,19
1984,11.4281222139086,-0.436006367904523,19
1985,11.7059590135302,-0.158169568282935,19
1986,11.8420831475939,-0.0220454342192144,19
1987,12.0379387991769,0.173810217363771,19
1988,11.8831453323364,0.0190167505233064,19
1989,12.4161183834076,0.551989801594467,19
1990,12.346659387861,0.482530806047859,19
1991,11.7161757264818,-0.147952855331283,19
1992,13.0729782581329,1.20884967631982,19
1993,12.8549053668976,0.99077678508446,19
1994,12.503628219877,0.639499638063847,19
1995,12.9392278535026,1.07509927168943,19
1996,11.9836242539542,0.119495672141086,19
1997,12.9424164295197,1.07828784770654,19
1998,12.9769259861537,1.11279740434061,19
1999,11.250898872103,-0.613229709710114,19
2000,12.3161041736603,0.451975591847156,19
2001,11.5436230387007,-0.320505543112472,19
2002,11.5603755882808,-0.303752993532308,19
2003,12.6575793879373,0.793450806124152,19
2004,13.1624470778874,1.29831849607427,19
2005,12.980352810451,1.11622422863784,19
2006,12.0542481967381,0.190119614924984,19
2007,11.8347712584904,-0.0293573233227009,19
2008,10.6401403290885,-1.22398825272464,19
2009,11.2575490134103,-0.606579568402831,19
2010,11.9149286065783,0.050800024765162,19
2011,11.8753707749503,0.0112421931371777,19
2012,11.7948769501278,-0.0692516316853746,19
2013,12.2269393035344,0.362810721721245,19
2014,12.3743189062391,0.510190324425971,19
2015,13.3534497192928,1.48932113747965,19
2016,13.3844786371504,1.52035005533724,19
2017,12.4632022721427,0.59907369032956,19
2018,12.8204536778586,0.956325096045494,19
1950,10.4996659415109,-1.36446264030223,9
1951,11.1057878562382,-0.758340725574899,9
1952,11.2297064917428,-0.634422090070314,9
1953,11.7735470363072,-0.0905815455059216,9
1954,11.2220627239772,-0.642065857835898,9
1955,10.8908667564392,-0.973261825373918,9
1956,11.8710631643023,0.00693458248915148,9
1957,12.3478749820164,0.483746400203301,9
1958,13.2306014469692,1.36647286515604,9
1959,11.9623036384583,0.0981750566451328,9
1960,11.8328381947109,-0.0312903871022449,9
1961,12.305883373533,0.441754791719849,9
1962,11.8123912811279,-0.0517373006852008,9
1963,12.5906221185412,0.726493536728045,9
1964,11.2862903390612,-0.577838242751929,9
1965,10.9103071689606,-0.95382141285256,9
1966,11.7131859234401,-0.150942658373013,9
1967,11.7375418458666,-0.126586735946503,9
1968,11.540483048984,-0.323645532829145,9
1969,11.3890583515167,-0.4750702302964,9
1970,11.3427294322423,-0.521399149570872,9
1971,10.7318995850427,-1.13222899677045,9
1972,11.3774076529912,-0.486720928821962,9
1973,11.5920849187034,-0.272043663109771,9
1974,11.3970979281834,-0.467030653629713,9
1975,11.243363073894,-0.620765507919166,9
1976,11.1267367090498,-0.737391872763362,9
1977,11.6366580554417,-0.227470526371413,9
1978,12.2922778470176,0.428149265204432,9
1979,11.8755671977997,0.0114386159865527,9
1980,12.0313435622624,0.167214980449272,9
1981,11.8230538708823,-0.0410747109308134,9
1982,11.316054889134,-0.548073692679124,9
1983,12.8505603585924,0.986431776779315,9
1984,11.4281222139086,-0.436006367904523,9
1985,11.7059590135302,-0.158169568282935,9
1986,11.8420831475939,-0.0220454342192144,9
1987,12.0379387991769,0.173810217363771,9
1988,11.8831453323364,0.0190167505233064,9
1989,12.4161183834076,0.551989801594467,9
1990,12.346659387861,0.482530806047859,9
1991,11.7161757264818,-0.147952855331283,9
1992,13.0729782581329,1.20884967631982,9
1993,12.8549053668976,0.99077678508446,9
1994,12.503628219877,0.639499638063847,9
1995,12.9392278535026,1.07509927168943,9
1996,11.9836242539542,0.119495672141086,9
1997,12.9424164295197,1.07828784770654,9
1998,12.9769259861537,1.11279740434061,9
1999,11.250898872103,-0.613229709710114,9
2000,12.3161041736603,0.451975591847156,9
2001,11.5436230387007,-0.320505543112472,9
2002,11.5603755882808,-0.303752993532308,9
2003,12.6575793879373,0.793450806124152,9
2004,13.1624470778874,1.29831849607427,9
2005,12.980352810451,1.11622422863784,9
2006,12.0542481967381,0.190119614924984,9
2007,11.8347712584904,-0.0293573233227009,9
2008,10.6401403290885,-1.22398825272464,9
2009,11.2575490134103,-0.606579568402831,9
2010,11.9149286065783,0.050800024765162,9
2011,11.8753707749503,0.0112421931371777,9
2012,11.7948769501278,-0.0692516316853746,9
2013,12.2269393035344,0.362810721721245,9
2014,12.3743189062391,0.510190324425971,9
2015,13.3534497192928,1.48932113747965,9
2016,13.3844786371504,1.52035005533724,9
2017,12.4632022721427,0.59907369032956,9
2018,12.8204536778586,0.956325096045494,9
1950,10.4996659415109,-1.36446264030223,12
1951,11.1057878562382,-0.758340725574899,12
1952,11.2297064917428,-0.634422090070314,12
1953,11.7735470363072,-0.0905815455059216,12
1954,11.2220627239772,-0.642065857835898,12
1955,10.8908667564392,-0.973261825373918,12
1956,11.8710631643023,0.00693458248915148,12
1957,12.3478749820164,0.483746400203301,12
1958,13.2306014469692,1.36647286515604,12
1959,11.9623036384583,0.0981750566451328,12
1960,11.8328381947109,-0.0312903871022449,12
1961,12.305883373533,0.441754791719849,12
1962,11.8123912811279,-0.0517373006852008,12
1963,12.5906221185412,0.726493536728045,12
1964,11.2862903390612,-0.577838242751929,12
1965,10.9103071689606,-0.95382141285256,12
1966,11.7131859234401,-0.150942658373013,12
1967,11.7375418458666,-0.126586735946503,12
1968,11.540483048984,-0.323645532829145,12
1969,11.3890583515167,-0.4750702302964,12
1970,11.3427294322423,-0.521399149570872,12
1971,10.7318995850427,-1.13222899677045,12
1972,11.3774076529912,-0.486720928821962,12
1973,11.5920849187034,-0.272043663109771,12
1974,11.3970979281834,-0.467030653629713,12
1975,11.243363073894,-0.620765507919166,12
1976,11.1267367090498,-0.737391872763362,12
1977,11.6366580554417,-0.227470526371413,12
1978,12.2922778470176,0.428149265204432,12
1979,11.8755671977997,0.0114386159865527,12
1980,12.0313435622624,0.167214980449272,12
1981,11.8230538708823,-0.0410747109308134,12
1982,11.316054889134,-0.548073692679124,12
1983,12.8505603585924,0.986431776779315,12
1984,11.4281222139086,-0.436006367904523,12
1985,11.7059590135302,-0.158169568282935,12
1986,11.8420831475939,-0.0220454342192144,12
1987,12.0379387991769,0.173810217363771,12
1988,11.8831453323364,0.0190167505233064,12
1989,12.4161183834076,0.551989801594467,12
1990,12.346659387861,0.482530806047859,12
1991,11.7161757264818,-0.147952855331283,12
1992,13.0729782581329,1.20884967631982,12
1993,12.8549053668976,0.99077678508446,12
1994,12.503628219877,0.639499638063847,12
1995,12.9392278535026,1.07509927168943,12
1996,11.9836242539542,0.119495672141086,12
1997,12.9424164295197,1.07828784770654,12
1998,12.9769259861537,1.11279740434061,12
1999,11.250898872103,-0.613229709710114,12
2000,12.3161041736603,0.451975591847156,12
2001,11.5436230387007,-0.320505543112472,12
2002,11.5603755882808,-0.303752993532308,12
2003,12.6575793879373,0.793450806124152,12
2004,13.1624470778874,1.29831849607427,12
2005,12.980352810451,1.11622422863784,12
2006,12.0542481967381,0.190119614924984,12
2007,11.8347712584904,-0.0293573233227009,12
2008,10.6401403290885,-1.22398825272464,12
2009,11.2575490134103,-0.606579568402831,12
2010,11.9149286065783,0.050800024765162,12
2011,11.8753707749503,0.0112421931371777,12
2012,11.7948769501278,-0.0692516316853746,12
2013,12.2269393035344,0.362810721721245,12
2014,12.3743189062391,0.510190324425971,12
2015,13.3534497192928,1.48932113747965,12
2016,13.3844786371504,1.52035005533724,12
2017,12.4632022721427,0.59907369032956,12
2018,12.8204536778586,0.956325096045494,12
1950,10.4996659415109,-1.36446264030223,13
1951,11.1057878562382,-0.758340725574899,13
1952,11.2297064917428,-0.634422090070314,13
1953,11.7735470363072,-0.0905815455059216,13
1954,11.2220627239772,-0.642065857835898,13
1955,10.8908667564392,-0.973261825373918,13
1956,11.8710631643023,0.00693458248915148,13
1957,12.3478749820164,0.483746400203301,13
1958,13.2306014469692,1.36647286515604,13
1959,11.9623036384583,0.0981750566451328,13
1960,11.8328381947109,-0.0312903871022449,13
1961,12.305883373533,0.441754791719849,13
1962,11.8123912811279,-0.0517373006852008,13
1963,12.5906221185412,0.726493536728045,13
1964,11.2862903390612,-0.577838242751929,13
1965,10.9103071689606,-0.95382141285256,13
1966,11.7131859234401,-0.150942658373013,13
1967,11.7375418458666,-0.126586735946503,13
1968,11.540483048984,-0.323645532829145,13
1969,11.3890583515167,-0.4750702302964,13
1970,11.3427294322423,-0.521399149570872,13
1971,10.7318995850427,-1.13222899677045,13
1972,11.3774076529912,-0.486720928821962,13
1973,11.5920849187034,-0.272043663109771,13
1974,11.3970979281834,-0.467030653629713,13
1975,11.243363073894,-0.620765507919166,13
1976,11.1267367090498,-0.737391872763362,13
1977,11.6366580554417,-0.227470526371413,13
1978,12.2922778470176,0.428149265204432,13
1979,11.8755671977997,0.0114386159865527,13
1980,12.0313435622624,0.167214980449272,13
1981,11.8230538708823,-0.0410747109308134,13
1982,11.316054889134,-0.548073692679124,13
1983,12.8505603585924,0.986431776779315,13
1984,11.4281222139086,-0.436006367904523,13
1985,11.7059590135302,-0.158169568282935,13
1986,11.8420831475939,-0.0220454342192144,13
1987,12.0379387991769,0.173810217363771,13
1988,11.8831453323364,0.0190167505233064,13
1989,12.4161183834076,0.551989801594467,13
1990,12.346659387861,0.482530806047859,13
1991,11.7161757264818,-0.147952855331283,13
1992,13.0729782581329,1.20884967631982,13
1993,12.8549053668976,0.99077678508446,13
1994,12.503628219877,0.639499638063847,13
1995,12.9392278535026,1.07509927168943,13
1996,11.9836242539542,0.119495672141086,13
1997,12.9424164295197,1.07828784770654,13
1998,12.9769259861537,1.11279740434061,13
1999,11.250898872103,-0.613229709710114,13
2000,12.3161041736603,0.451975591847156,13
2001,11.5436230387007,-0.320505543112472,13
2002,11.5603755882808,-0.303752993532308,13
2003,12.6575793879373,0.793450806124152,13
2004,13.1624470778874,1.29831849607427,13
2005,12.980352810451,1.11622422863784,13
2006,12.0542481967381,0.190119614924984,13
2007,11.8347712584904,-0.0293573233227009,13
2008,10.6401403290885,-1.22398825272464,13
2009,11.2575490134103,-0.606579568402831,13
2010,11.9149286065783,0.050800024765162,13
2011,11.8753707749503,0.0112421931371777,13
2012,11.7948769501278,-0.0692516316853746,13
2013,12.2269393035344,0.362810721721245,13
2014,12.3743189062391,0.510190324425971,13
2015,13.3534497192928,1.48932113747965,13
2016,13.3844786371504,1.52035005533724,13
2017,12.4632022721427,0.59907369032956,13
2018,12.8204536778586,0.956325096045494,13
