"","X","X5","X25","X40","X60","X75","X90","agent","stock"
"1","load_std",-0.743873296738718,-0.365159805496629,-0.216993826433422,-0.044106906329767,0.0972053454747583,0.333786269071901,"arena2","Global"
"2","b.load_std.Stock.Birkenhead.",-0.918015655914473,-0.488195880608347,-0.306772863553193,-0.11002957020009,0.0634950396933121,0.304450794047363,"arena2","Birkenhead"
"3","b.load_std.Stock.Bowron.",-0.741599525722077,-0.328874881319619,-0.17047401744195,0.0298631826412825,0.175900474723538,0.414912958414573,"arena2","Bowron"
"4","b.load_std.Stock.Chilko.",-0.791563842257093,-0.365507960420184,-0.20431964522021,-0.0118681726804559,0.137043962177236,0.382987825552617,"arena2","Chilko"
"5","b.load_std.Stock.E.Stuart.",-0.747440106123648,-0.354222006698411,-0.187504854574748,-0.000570503644268426,0.155606300083426,0.410976205514819,"arena2","E.Stuart"
"6","b.load_std.Stock.Fennell.",-0.738905938407428,-0.313449534738886,-0.140854020074417,0.0539625836739674,0.211988777919596,0.463406218716229,"arena2","Fennell"
"7","b.load_std.Stock.Gates.",-0.970395779521283,-0.566595412562587,-0.370626359784363,-0.163082143323217,-0.00465174963415238,0.250365928312356,"arena2","Gates"
"8","b.load_std.Stock.Harrison.",-1.00160532080933,-0.565060068244842,-0.383324571766877,-0.164732939251779,0.00418636273988775,0.246128190845576,"arena2","Harrison"
"9","b.load_std.Stock.L.Shuswap.",-0.810016256473415,-0.414269161870388,-0.24911993629018,-0.0581327762239444,0.125329810601778,0.373664595147431,"arena2","L.Shuswap"
"10","b.load_std.Stock.L.Stuart.",-0.692462083255778,-0.314929428983201,-0.1483818394163,0.0597723565372072,0.223188477576234,0.474359657659344,"arena2","L.Stuart"
"11","b.load_std.Stock.Nadina.",-0.710700305630076,-0.313331338588322,-0.144497123766788,0.0528631384224638,0.226626278284961,0.459925443112252,"arena2","Nadina"
"12","b.load_std.Stock.Pitt.",-1.26299157684115,-0.748558877938374,-0.523906720806394,-0.299710843212698,-0.110524362229859,0.131489720739269,"arena2","Pitt"
"13","b.load_std.Stock.Portage.",-0.68414572475363,-0.256118517493939,-0.0828556388015854,0.101925681641817,0.276799392775032,0.527451724287919,"arena2","Portage"
"14","b.load_std.Stock.Quesnel.",-0.73077797537562,-0.323034664010687,-0.150279258280168,0.0322651142971021,0.180453975912863,0.454174448032374,"arena2","Quesnel"
"15","b.load_std.Stock.Raft.",-0.856202585357531,-0.421006072746087,-0.244228852974983,-0.0547739894353602,0.0966703765732383,0.333251449857197,"arena2","Raft"
"16","b.load_std.Stock.Scotch.",-0.761315945903022,-0.357698568133759,-0.199977586588761,-0.0039660420223825,0.164054185692069,0.392300973122271,"arena2","Scotch"
"17","b.load_std.Stock.Seymour.",-0.684561310234952,-0.270685564030373,-0.113171731008462,0.0713918977387947,0.233583576900338,0.493512273858112,"arena2","Seymour"
"18","b.load_std.Stock.Stellako.",-0.711555946966092,-0.327102461039556,-0.158448752959247,0.0267148174964143,0.187534148146161,0.436492184459136,"arena2","Stellako"
"19","b.load_std.Stock.Weaver.",-0.793010781060151,-0.375019958807972,-0.204086381301023,-0.0196875639545664,0.130952061256626,0.38493206822639,"arena2","Weaver"
"20","load_std",-0.467331615345698,-0.0942995567690999,0.0425370210470501,0.209172096348568,0.356352329663566,0.56684048513167,"c_b_cys","Global"
"21","b.load_std.Stock.Birkenhead.",-0.517708936406479,-0.13469978343662,0.0191085460895233,0.199504854260243,0.346798446886142,0.575981944076797,"c_b_cys","Birkenhead"
"22","b.load_std.Stock.Bowron.",-0.461781199889916,-0.0826128848597339,0.0632999685281778,0.241735139680425,0.373105097550212,0.610220948328588,"c_b_cys","Bowron"
"23","b.load_std.Stock.Chilko.",-0.512183672641508,-0.115336967502795,0.0392774067591718,0.222194585568786,0.36732138792709,0.597939874287241,"c_b_cys","Chilko"
"24","b.load_std.Stock.E.Stuart.",-0.497870101568777,-0.120697095684931,0.0302846122501538,0.20482802973784,0.359567125576865,0.599083338314423,"c_b_cys","E.Stuart"
"25","b.load_std.Stock.Fennell.",-0.521178582276345,-0.108519328249404,0.0370502347389824,0.209041665353704,0.355711829848065,0.582191903458633,"c_b_cys","Fennell"
"26","b.load_std.Stock.Gates.",-0.491000627576423,-0.0853444026094695,0.0642857726058912,0.231750034702246,0.394589026819843,0.617931491205891,"c_b_cys","Gates"
"27","b.load_std.Stock.Harrison.",-0.495882061606705,-0.127105685071136,0.033679588257314,0.207389426226805,0.360039458296794,0.60736181591049,"c_b_cys","Harrison"
"28","b.load_std.Stock.L.Shuswap.",-0.510682842767021,-0.11485547128332,0.0315824854857774,0.217200843018675,0.367073725801149,0.607659103632787,"c_b_cys","L.Shuswap"
"29","b.load_std.Stock.L.Stuart.",-0.49846631345336,-0.11823904432384,0.0464734301887449,0.21761633611159,0.357998809423162,0.583838312688436,"c_b_cys","L.Stuart"
"30","b.load_std.Stock.Nadina.",-0.480656562532653,-0.0973881429276067,0.0544975435091242,0.239608789154142,0.381278847943347,0.616546014573387,"c_b_cys","Nadina"
"31","b.load_std.Stock.Pitt.",-0.535607633418084,-0.165333858286241,-0.00692598833426342,0.172295793041951,0.314450885014694,0.549361782640976,"c_b_cys","Pitt"
"32","b.load_std.Stock.Portage.",-0.472385247284313,-0.108742745648594,0.0541637456565252,0.229912910623189,0.381272891990701,0.603466914176118,"c_b_cys","Portage"
"33","b.load_std.Stock.Quesnel.",-0.49929746073633,-0.103814715285224,0.0360452525317415,0.209247869467534,0.363061969593436,0.597002052727789,"c_b_cys","Quesnel"
"34","b.load_std.Stock.Raft.",-0.538423186887856,-0.148737737245152,-0.00293209492677933,0.1840965217425,0.325577938689876,0.559751560800269,"c_b_cys","Raft"
"35","b.load_std.Stock.Scotch.",-0.482266233491793,-0.0978413433641403,0.0488595288102681,0.23398319752112,0.376816867011334,0.608524637321282,"c_b_cys","Scotch"
"36","b.load_std.Stock.Seymour.",-0.501753918118221,-0.0929040478410399,0.044370746921757,0.220290311394164,0.375256797919371,0.605874581254155,"c_b_cys","Seymour"
"37","b.load_std.Stock.Stellako.",-0.458895424629613,-0.0876865237016344,0.0604352513335801,0.240012898054884,0.390912221646155,0.62406085763494,"c_b_cys","Stellako"
"38","b.load_std.Stock.Weaver.",-0.492710094908268,-0.105599917718677,0.0490925864184502,0.233363475088113,0.387668270680419,0.613030834547373,"c_b_cys","Weaver"
"39","load_std",-0.470500487451756,-0.129952062845071,0.0269573845543206,0.202621754166906,0.342056058160539,0.567462013757991,"ce_sha","Global"
"40","b.load_std.Stock.Birkenhead.",-0.441509875890747,-0.113854682655667,0.052405374839743,0.231923507574456,0.389950817020937,0.651251058012,"ce_sha","Birkenhead"
"41","b.load_std.Stock.Bowron.",-0.453603889396912,-0.108239627530141,0.052204359992686,0.237810166910687,0.391342028670225,0.645581429480288,"ce_sha","Bowron"
"42","b.load_std.Stock.Chilko.",-0.526599421887867,-0.162678750408744,0.00772516788565448,0.190614407171043,0.341140577591047,0.582099312818391,"ce_sha","Chilko"
"43","b.load_std.Stock.E.Stuart.",-0.508605079210329,-0.164556147540508,0.000157361526420023,0.172079836793103,0.332099219442468,0.569539534926416,"ce_sha","E.Stuart"
"44","b.load_std.Stock.Fennell.",-0.521331685165787,-0.163843816721393,0.00165499521644636,0.188469580817571,0.337701641860103,0.566837192840325,"ce_sha","Fennell"
"45","b.load_std.Stock.Gates.",-0.465371224504015,-0.101002941542917,0.0534237410910293,0.241957990750431,0.401131752215954,0.640574934832419,"ce_sha","Gates"
"46","b.load_std.Stock.Harrison.",-0.503928926920264,-0.148144939250452,0.00889965542036162,0.191555038134079,0.34162586913356,0.573160190097066,"ce_sha","Harrison"
"47","b.load_std.Stock.L.Shuswap.",-0.430928097166669,-0.0704931325373601,0.0818633295828844,0.272714326571282,0.429323574005265,0.678347213263688,"ce_sha","L.Shuswap"
"48","b.load_std.Stock.L.Stuart.",-0.538999239173572,-0.174868192352073,-0.0213198133008544,0.168172063985288,0.311166376101282,0.552259312644384,"ce_sha","L.Stuart"
"49","b.load_std.Stock.Nadina.",-0.512004983772621,-0.17418580645737,-0.00447942440274194,0.181370258861736,0.336070691338442,0.580852758424364,"ce_sha","Nadina"
"50","b.load_std.Stock.Pitt.",-0.503538671100435,-0.129371534012121,0.0263739338408312,0.207069826475603,0.363712293198372,0.604395933386594,"ce_sha","Pitt"
"51","b.load_std.Stock.Portage.",-0.485562202808231,-0.131971094878395,0.026362361725984,0.205877246102737,0.365452258547599,0.608375113349947,"ce_sha","Portage"
"52","b.load_std.Stock.Quesnel.",-0.442307256536226,-0.11135767015014,0.0631043739962979,0.237620561895482,0.392864893075161,0.642137107505375,"ce_sha","Quesnel"
"53","b.load_std.Stock.Raft.",-0.519288860950429,-0.165358273676678,-0.00540376305321695,0.184773239729356,0.343809492150073,0.566108989947166,"ce_sha","Raft"
"54","b.load_std.Stock.Scotch.",-0.494867790170289,-0.137400282020532,0.0269712315589622,0.205155336139111,0.357342323313403,0.584130591131202,"ce_sha","Scotch"
"55","b.load_std.Stock.Seymour.",-0.51510278526486,-0.163058345815409,-0.00536921586560599,0.189607904688081,0.346250487939464,0.577431868641645,"ce_sha","Seymour"
"56","b.load_std.Stock.Stellako.",-0.570335667340529,-0.199867838075858,-0.034591846134466,0.15376554790008,0.317199666439076,0.52768269805248,"ce_sha","Stellako"
"57","b.load_std.Stock.Weaver.",-0.462495849914856,-0.123168174720509,0.0397223605456137,0.222344687561025,0.385706042823576,0.613655275092775,"ce_sha","Weaver"
"58","load_std",-0.350558867534318,0.0018397244750151,0.128663308414993,0.285714880089388,0.420157970221924,0.6503553922139,"de_sal","Global"
"59","b.load_std.Stock.Birkenhead.",-0.758728392153213,-0.306814254371787,-0.138545281222031,0.0731743365837901,0.240879354377271,0.499162966932925,"de_sal","Birkenhead"
"60","b.load_std.Stock.Bowron.",-0.406035046139024,-0.0119805611204386,0.140991948594748,0.328666051630541,0.472124167066037,0.714139283055025,"de_sal","Bowron"
"61","b.load_std.Stock.Chilko.",-0.349249703045905,0.0242837121820812,0.187124649840293,0.361312665977155,0.52665351366125,0.794959127136236,"de_sal","Chilko"
"62","b.load_std.Stock.E.Stuart.",-0.517174572923885,-0.102127373220712,0.0552569380608153,0.24414406709472,0.39983409795823,0.640323922857675,"de_sal","E.Stuart"
"63","b.load_std.Stock.Fennell.",-0.326865965048508,0.0611432861312464,0.216011107431736,0.399676564109367,0.551182576868334,0.824907617725141,"de_sal","Fennell"
"64","b.load_std.Stock.Gates.",-0.810605659836075,-0.340420144243487,-0.160306522545468,0.0584538485730409,0.224023145283309,0.462708909310635,"de_sal","Gates"
"65","b.load_std.Stock.Harrison.",-0.467005902938272,-0.0584547111804064,0.106168407724745,0.28324684871727,0.427051363313157,0.688230084224216,"de_sal","Harrison"
"66","b.load_std.Stock.L.Shuswap.",-0.412561300481298,-0.0299629765194311,0.128258655544302,0.306516587921176,0.460324199615708,0.717095761523181,"de_sal","L.Shuswap"
"67","b.load_std.Stock.L.Stuart.",-0.409118056914569,-0.0338841582581753,0.12508285289895,0.307682974813758,0.457289521987833,0.687968855659109,"de_sal","L.Stuart"
"68","b.load_std.Stock.Nadina.",-0.330898741086837,0.0706440327929949,0.247048880603504,0.421729451908179,0.585079448427754,0.851603217132902,"de_sal","Nadina"
"69","b.load_std.Stock.Pitt.",-0.811070641676696,-0.349454648971957,-0.163614987677859,0.0358126010914481,0.211563168005202,0.467515716683898,"de_sal","Pitt"
"70","b.load_std.Stock.Portage.",-0.255335342599696,0.131502402560417,0.295105514535664,0.491991993418563,0.657417629795523,0.957253254304577,"de_sal","Portage"
"71","b.load_std.Stock.Quesnel.",-0.348077209814968,0.0512861862234162,0.207855142859175,0.375461993318398,0.541351448226583,0.786246120955518,"de_sal","Quesnel"
"72","b.load_std.Stock.Raft.",-0.375706855781648,-0.00810011794107356,0.16342244697244,0.329978353158911,0.487249858573232,0.760359858039472,"de_sal","Raft"
"73","b.load_std.Stock.Scotch.",-0.405431363554284,-0.0349324346444849,0.128429954898758,0.323842246721707,0.48353596477784,0.707970303967467,"de_sal","Scotch"
"74","b.load_std.Stock.Seymour.",-0.318950222681046,0.0455011982180595,0.200871656307114,0.390706314148755,0.545103685185987,0.806225832076686,"de_sal","Seymour"
"75","b.load_std.Stock.Stellako.",-0.282785755030672,0.103870252624631,0.247964459607269,0.431861266565518,0.608553890987625,0.872507709405521,"de_sal","Stellako"
"76","b.load_std.Stock.Weaver.",-0.446733622589763,-0.0657098204501658,0.0901462193906898,0.270795241555595,0.414511617265133,0.683260946670084,"de_sal","Weaver"
"77","load_std",-0.721728845119511,-0.343008824280803,-0.200625088762067,-0.0339347133446321,0.110334027057871,0.354870861110968,"fa_mar","Global"
"78","b.load_std.Stock.Birkenhead.",-0.876590615209158,-0.454216215972337,-0.288478334711357,-0.100668939415071,0.0595318107352522,0.302154973205887,"fa_mar","Birkenhead"
"79","b.load_std.Stock.Bowron.",-0.707283800693414,-0.307218227300469,-0.156405263311752,0.0417079518606806,0.197676767658579,0.468006211261973,"fa_mar","Bowron"
"80","b.load_std.Stock.Chilko.",-0.757640114277912,-0.36104272698967,-0.188918682727854,-0.00477336822401147,0.159459811972163,0.415296415363122,"fa_mar","Chilko"
"81","b.load_std.Stock.E.Stuart.",-0.745912884167295,-0.319099840329146,-0.171635275622393,0.00975954056895833,0.17026471741923,0.41547246437669,"fa_mar","E.Stuart"
"82","b.load_std.Stock.Fennell.",-0.714332223999055,-0.293089987186174,-0.125201241812912,0.0605823457687341,0.207907041398413,0.482682877943448,"fa_mar","Fennell"
"83","b.load_std.Stock.Gates.",-0.973767006455812,-0.510943404776394,-0.338976365494782,-0.147808254723342,0.0215765131148708,0.283693831594538,"fa_mar","Gates"
"84","b.load_std.Stock.Harrison.",-0.958696722417409,-0.506621663176322,-0.338262189607084,-0.14263973054928,0.0284555922181637,0.286485013076476,"fa_mar","Harrison"
"85","b.load_std.Stock.L.Shuswap.",-0.775933729173421,-0.371820790705376,-0.206890053707538,-0.0204992441011625,0.141624445333181,0.392967440909564,"fa_mar","L.Shuswap"
"86","b.load_std.Stock.L.Stuart.",-0.681938613410168,-0.29927723137986,-0.139021602648515,0.0535634199450014,0.226252793757732,0.489900643689424,"fa_mar","L.Stuart"
"87","b.load_std.Stock.Nadina.",-0.685980114099543,-0.265189266132709,-0.114294629428951,0.0701090311007602,0.231509134919985,0.490774831013233,"fa_mar","Nadina"
"88","b.load_std.Stock.Pitt.",-1.20405937553338,-0.688453676962603,-0.482296374109473,-0.277663294547948,-0.0862763833935734,0.198365922882088,"fa_mar","Pitt"
"89","b.load_std.Stock.Portage.",-0.651801346061065,-0.243593610393112,-0.0888917530152241,0.117068086370498,0.271876202199727,0.531963997591747,"fa_mar","Portage"
"90","b.load_std.Stock.Quesnel.",-0.688111119544056,-0.300604218769412,-0.144902524857318,0.0532789833205161,0.219153704694312,0.475409895724875,"fa_mar","Quesnel"
"91","b.load_std.Stock.Raft.",-0.817293073245139,-0.383787805236272,-0.236232961500693,-0.0404496570622171,0.122541677903277,0.367062317433937,"fa_mar","Raft"
"92","b.load_std.Stock.Scotch.",-0.75050118745846,-0.348669755608146,-0.184395838418194,0.00505246954908335,0.15994160469866,0.412491394835057,"fa_mar","Scotch"
"93","b.load_std.Stock.Seymour.",-0.671759922517545,-0.261228389200907,-0.1119143714373,0.0750794102014508,0.229178570217714,0.502798427872606,"fa_mar","Seymour"
"94","b.load_std.Stock.Stellako.",-0.695641063977439,-0.296514683701628,-0.145303354703742,0.0322971689951635,0.199837302250607,0.45208069510024,"fa_mar","Stellako"
"95","b.load_std.Stock.Weaver.",-0.770963194663866,-0.366595724466594,-0.21170761721264,-0.0216941205862146,0.134220172067424,0.392271687788941,"fa_mar","Weaver"
"96","load_std",-0.843006685259331,-0.468992329757705,-0.325365188836221,-0.167132702398232,-0.0222417176439887,0.215214454334393,"fl_psy","Global"
"97","b.load_std.Stock.Birkenhead.",-0.87460975486158,-0.481633754642329,-0.330221984419814,-0.162454699835936,-0.0055668759213543,0.223231272853116,"fl_psy","Birkenhead"
"98","b.load_std.Stock.Bowron.",-0.891180641904558,-0.498294172628139,-0.365420353796051,-0.188680763004802,-0.034504003649554,0.216958032812072,"fl_psy","Bowron"
"99","b.load_std.Stock.Chilko.",-0.858056953058381,-0.48808306792124,-0.339417000254408,-0.171267799847006,-0.0213623524504249,0.222380420705068,"fl_psy","Chilko"
"100","b.load_std.Stock.E.Stuart.",-0.82900616081352,-0.459181557717722,-0.303906425474176,-0.141414273395967,0.00549766785030136,0.251605893747378,"fl_psy","E.Stuart"
"101","b.load_std.Stock.Fennell.",-0.833822301430892,-0.459328851850792,-0.310107125972812,-0.148658515251633,0.0160566392892112,0.253142931716078,"fl_psy","Fennell"
"102","b.load_std.Stock.Gates.",-0.871150895607889,-0.499554578633262,-0.339673537160811,-0.167049332850011,-0.0242699314529797,0.218732533767293,"fl_psy","Gates"
"103","b.load_std.Stock.Harrison.",-0.870298714528322,-0.491506652220978,-0.345088144679712,-0.166474403014561,-0.0197042338901893,0.229001976832878,"fl_psy","Harrison"
"104","b.load_std.Stock.L.Shuswap.",-0.866574314391249,-0.502794623574503,-0.343289765398908,-0.162777716832745,-0.0154406470546921,0.221812529186709,"fl_psy","L.Shuswap"
"105","b.load_std.Stock.L.Stuart.",-0.824055181466777,-0.449484253623634,-0.307026455156109,-0.137867229934488,0.0173674272847595,0.254659215936646,"fl_psy","L.Stuart"
"106","b.load_std.Stock.Nadina.",-0.831695816127273,-0.466803385185939,-0.309604598392931,-0.14557670281195,0.00780201778830592,0.253208653213355,"fl_psy","Nadina"
"107","b.load_std.Stock.Pitt.",-0.888630415131299,-0.505572884895143,-0.352212636570753,-0.190912739285902,-0.0480706253096786,0.204959186260698,"fl_psy","Pitt"
"108","b.load_std.Stock.Portage.",-0.865181344452776,-0.478086191708965,-0.328992169878466,-0.161682176817346,-0.0213848588703638,0.210172995459017,"fl_psy","Portage"
"109","b.load_std.Stock.Quesnel.",-0.888757405859942,-0.495435332983592,-0.353009757674905,-0.178180734812427,-0.0391880910944647,0.226152612241753,"fl_psy","Quesnel"
"110","b.load_std.Stock.Raft.",-0.868403411181967,-0.497531125881558,-0.348769030174478,-0.166787997850408,-0.0205484447717943,0.221709681045559,"fl_psy","Raft"
"111","b.load_std.Stock.Scotch.",-0.844414706379671,-0.466616155790814,-0.318753803222174,-0.157295296808198,-0.00144533829594195,0.249466612954851,"fl_psy","Scotch"
"112","b.load_std.Stock.Seymour.",-0.859358488127281,-0.464429054564587,-0.322784120861671,-0.154738084418341,-0.00912801602646196,0.239457011880974,"fl_psy","Seymour"
"113","b.load_std.Stock.Stellako.",-0.857183513991232,-0.475685457721594,-0.328973890641185,-0.168098566780151,-0.0186974205737428,0.233893878116405,"fl_psy","Stellako"
"114","b.load_std.Stock.Weaver.",-0.840582672069828,-0.466919832513552,-0.320948283900024,-0.14816066299565,-0.00222869549601119,0.241638496623726,"fl_psy","Weaver"
"115","load_std",-0.749498716400859,-0.348607760150172,-0.19228098778711,-0.0206518381094359,0.133740552316934,0.380803293885646,"ic_hof","Global"
"116","b.load_std.Stock.Birkenhead.",-0.944298804869519,-0.466175468824626,-0.310041726046463,-0.0874477767746204,0.0657959516057515,0.346630614744982,"ic_hof","Birkenhead"
"117","b.load_std.Stock.Bowron.",-0.737011111192622,-0.293440579126517,-0.1231834980531,0.0646417068294975,0.250024884261357,0.518136829878983,"ic_hof","Bowron"
"118","b.load_std.Stock.Chilko.",-0.802790409685077,-0.361214419732685,-0.182074299610909,0.00675442855682062,0.184408064255981,0.441040401958881,"ic_hof","Chilko"
"119","b.load_std.Stock.E.Stuart.",-0.753475308889826,-0.31309229701187,-0.132544807764641,0.0478146334171271,0.224388601846338,0.474362976151203,"ic_hof","E.Stuart"
"120","b.load_std.Stock.Fennell.",-0.6993314604664,-0.260516214871215,-0.0949135935026453,0.0896039777680074,0.270606834191669,0.557179218764264,"ic_hof","Fennell"
"121","b.load_std.Stock.Gates.",-1.01072575033144,-0.564582036406622,-0.385292606498878,-0.191161639957254,-0.0163303500466398,0.256900535269993,"ic_hof","Gates"
"122","b.load_std.Stock.Harrison.",-1.01888608779465,-0.586779034102717,-0.393424152126038,-0.166810076523815,-0.00656022294084684,0.251765439736182,"ic_hof","Harrison"
"123","b.load_std.Stock.L.Shuswap.",-0.8018380900431,-0.382899758122538,-0.210898383815412,-0.0179020994444215,0.150886584515787,0.393381003270529,"ic_hof","L.Shuswap"
"124","b.load_std.Stock.L.Stuart.",-0.699841878341485,-0.278026809769824,-0.124888649037297,0.0873670095066156,0.254863157939184,0.542344169545944,"ic_hof","L.Stuart"
"125","b.load_std.Stock.Nadina.",-0.715400264336402,-0.288218209677398,-0.106278067690985,0.0848891506692525,0.262541637431886,0.560728769518104,"ic_hof","Nadina"
"126","b.load_std.Stock.Pitt.",-1.27473506842192,-0.778856671062327,-0.566675011055447,-0.317908841379767,-0.125202076552533,0.125337534955076,"ic_hof","Pitt"
"127","b.load_std.Stock.Portage.",-0.633704611523287,-0.209706384382297,-0.0339680103441357,0.162203809210847,0.339732754226452,0.633468469519825,"ic_hof","Portage"
"128","b.load_std.Stock.Quesnel.",-0.745781560290047,-0.317572440342734,-0.144334866202239,0.0624420841616859,0.230285565361817,0.515873337232677,"ic_hof","Quesnel"
"129","b.load_std.Stock.Raft.",-0.841298465944979,-0.403266753011036,-0.213673935102795,-0.0268805986851097,0.134204980180702,0.383659614552238,"ic_hof","Raft"
"130","b.load_std.Stock.Scotch.",-0.769471320683349,-0.335612408056141,-0.148102605953201,0.0367830668365034,0.195190097227114,0.471943025368653,"ic_hof","Scotch"
"131","b.load_std.Stock.Seymour.",-0.668647218730237,-0.238410246159189,-0.0667397497725933,0.13212655505485,0.317531389816205,0.60710777040675,"ic_hof","Seymour"
"132","b.load_std.Stock.Stellako.",-0.714027854909136,-0.28784076868362,-0.112137215149442,0.0773532563467953,0.243588887655326,0.531778804640769,"ic_hof","Stellako"
"133","b.load_std.Stock.Weaver.",-0.766343311638946,-0.360566435722189,-0.197485119095002,0.0035661539112076,0.178149475123993,0.439593549073374,"ic_hof","Weaver"
"134","load_std",-0.707722923013474,-0.3247816835811,-0.186898585719625,-0.0182800734385323,0.116962084772801,0.350474085242915,"ic_mul","Global"
"135","b.load_std.Stock.Birkenhead.",-0.685583364662518,-0.305385807580773,-0.154656799476209,0.0268502277572042,0.190287505605302,0.409250733758181,"ic_mul","Birkenhead"
"136","b.load_std.Stock.Bowron.",-0.68380948468254,-0.292519183834737,-0.143185814288004,0.0337654857903195,0.193147040789281,0.438707019333605,"ic_mul","Bowron"
"137","b.load_std.Stock.Chilko.",-0.746166034455201,-0.362027901452681,-0.202351804448259,-0.0274752043640794,0.132939041931117,0.38770444221847,"ic_mul","Chilko"
"138","b.load_std.Stock.E.Stuart.",-0.784719042146497,-0.382007439866179,-0.216881960206133,-0.0452800644312767,0.0978810518739684,0.351834902606135,"ic_mul","E.Stuart"
"139","b.load_std.Stock.Fennell.",-0.716566298857632,-0.313199778275721,-0.163042820857044,0.0148341711194963,0.169185129862251,0.4080162547331,"ic_mul","Fennell"
"140","b.load_std.Stock.Gates.",-0.875650892472558,-0.450455185957921,-0.275564379709897,-0.080107347757827,0.0745764724014787,0.304253384228396,"ic_mul","Gates"
"141","b.load_std.Stock.Harrison.",-0.923172901791385,-0.464704395250896,-0.315656066082533,-0.115079031093932,0.0393015048962479,0.284863227568668,"ic_mul","Harrison"
"142","b.load_std.Stock.L.Shuswap.",-0.718611564176166,-0.327063302992968,-0.179770972960819,0.00489528044275758,0.163275324635842,0.427245311702632,"ic_mul","L.Shuswap"
"143","b.load_std.Stock.L.Stuart.",-0.711006812760324,-0.335601746325656,-0.179239597908407,-8.02219022228909e-05,0.163636843247134,0.387952882262062,"ic_mul","L.Stuart"
"144","b.load_std.Stock.Nadina.",-0.827178295405692,-0.414242078702795,-0.247854209679324,-0.0739504336809201,0.0786964505226614,0.338684315373886,"ic_mul","Nadina"
"145","b.load_std.Stock.Pitt.",-0.767205964485383,-0.36990188211043,-0.223802282522639,-0.0465933995702079,0.110085879637323,0.334321943456756,"ic_mul","Pitt"
"146","b.load_std.Stock.Portage.",-0.645265493932085,-0.245629433947381,-0.0997404459463864,0.0858460147495072,0.252460553825535,0.50546968770282,"ic_mul","Portage"
"147","b.load_std.Stock.Quesnel.",-0.652042885054141,-0.260621643388806,-0.100556809994216,0.080121078398397,0.242610139491781,0.493043317087324,"ic_mul","Quesnel"
"148","b.load_std.Stock.Raft.",-0.671199680494874,-0.292665185049683,-0.132550327644297,0.0483795540744593,0.206376100313887,0.451192093623668,"ic_mul","Raft"
"149","b.load_std.Stock.Scotch.",-0.750000235307031,-0.356303481565758,-0.209169183651255,-0.0264484827985975,0.122421997809549,0.361092014071784,"ic_mul","Scotch"
"150","b.load_std.Stock.Seymour.",-0.700958560315682,-0.318532563846769,-0.148290878908939,0.0286102939984862,0.179757717056096,0.411436432177611,"ic_mul","Seymour"
"151","b.load_std.Stock.Stellako.",-0.789351430280004,-0.362139066505598,-0.212341761762389,-0.0389260417808149,0.116474741539768,0.346846754453852,"ic_mul","Stellako"
"152","b.load_std.Stock.Weaver.",-0.719417622027417,-0.341333266057957,-0.181412956775311,0.00257147494413378,0.14895206473774,0.386051510543505,"ic_mul","Weaver"
"153","load_std",-0.825171425629371,-0.431526998599941,-0.293391623989103,-0.135131749517437,0.0224173688533278,0.240222698099445,"ku_thy","Global"
"154","b.load_std.Stock.Birkenhead.",-0.880310764171099,-0.481530602592275,-0.328330170338757,-0.14468493019931,0.0156818832773265,0.243068148032165,"ku_thy","Birkenhead"
"155","b.load_std.Stock.Bowron.",-0.808362629931033,-0.413723559041022,-0.266614078747668,-0.0794646776863782,0.0739052698312104,0.296011528891883,"ku_thy","Bowron"
"156","b.load_std.Stock.Chilko.",-0.834052811307048,-0.429981088357476,-0.284545097455602,-0.111727869721861,0.072663029836489,0.296606378644534,"ku_thy","Chilko"
"157","b.load_std.Stock.E.Stuart.",-0.839686673331277,-0.432067486506302,-0.275504872971283,-0.0871693363059727,0.0619576918487536,0.29225377910923,"ku_thy","E.Stuart"
"158","b.load_std.Stock.Fennell.",-0.848128555255698,-0.449099044007102,-0.291717315154284,-0.110990649637359,0.0545162256658324,0.276667456681424,"ku_thy","Fennell"
"159","b.load_std.Stock.Gates.",-0.915364537968519,-0.498786374591069,-0.346095176244424,-0.160334683773901,-0.002022439336279,0.230725273607747,"ku_thy","Gates"
"160","b.load_std.Stock.Harrison.",-0.936222914213014,-0.518733364789261,-0.35179924152375,-0.171315245540913,-0.00853021365253314,0.223226214256825,"ku_thy","Harrison"
"161","b.load_std.Stock.L.Shuswap.",-0.852041185690993,-0.467685222627728,-0.314455590857293,-0.146020110025943,0.0296124689625131,0.267202647254541,"ku_thy","L.Shuswap"
"162","b.load_std.Stock.L.Stuart.",-0.796529097689694,-0.406205507589001,-0.259166734399552,-0.0736323850187492,0.0706159080356992,0.307603319103772,"ku_thy","L.Stuart"
"163","b.load_std.Stock.Nadina.",-0.796221796842586,-0.39907450812398,-0.254246824838407,-0.0647280112796565,0.084783291503489,0.328907235726875,"ku_thy","Nadina"
"164","b.load_std.Stock.Pitt.",-1.01741352163919,-0.567224687063328,-0.417667678189858,-0.221943522536344,-0.0634575406876436,0.177148078369751,"ku_thy","Pitt"
"165","b.load_std.Stock.Portage.",-0.816648557197946,-0.416568451737886,-0.270196081117376,-0.085544534635941,0.0694680317709448,0.32612285949379,"ku_thy","Portage"
"166","b.load_std.Stock.Quesnel.",-0.812076801268183,-0.407027138477955,-0.257310426256833,-0.077815571646798,0.0775052188962121,0.327733025004919,"ku_thy","Quesnel"
"167","b.load_std.Stock.Raft.",-0.855212017955277,-0.47235560339549,-0.325060141135637,-0.146798464904642,0.0223336757320877,0.23849738755047,"ku_thy","Raft"
"168","b.load_std.Stock.Scotch.",-0.854612966299859,-0.45727635009467,-0.312638444769819,-0.127316286012814,0.0354016966174705,0.264531960512635,"ku_thy","Scotch"
"169","b.load_std.Stock.Seymour.",-0.810980360120051,-0.423238247183128,-0.263395434716004,-0.0816768331955037,0.0651330068498296,0.300702313031254,"ku_thy","Seymour"
"170","b.load_std.Stock.Stellako.",-0.86230942002937,-0.429099926582201,-0.284464504925442,-0.109382308142722,0.0593321014836947,0.294013621084933,"ku_thy","Stellako"
"171","b.load_std.Stock.Weaver.",-0.879877323930695,-0.478049547133392,-0.333017014243782,-0.157093730511287,-0.000246216137423502,0.226629780525988,"ku_thy","Weaver"
"172","load_std",-0.44788340672101,-0.0718769719238794,0.070555028541866,0.236100951413207,0.372925009588807,0.589300918160472,"lo_sal","Global"
"173","b.load_std.Stock.Birkenhead.",-0.451664023182882,-0.0532561446029286,0.0885063464052567,0.259571916428409,0.395140975714277,0.619715204370202,"lo_sal","Birkenhead"
"174","b.load_std.Stock.Bowron.",-0.440755300320536,-0.0595355214353708,0.07554161509832,0.246222903691026,0.385473549404512,0.635767191917325,"lo_sal","Bowron"
"175","b.load_std.Stock.Chilko.",-0.492267088851252,-0.0866244349620759,0.0610599675161767,0.22979118745475,0.377811302803749,0.589803218999663,"lo_sal","Chilko"
"176","b.load_std.Stock.E.Stuart.",-0.464527906503111,-0.0682888320188914,0.0701500531586026,0.244642949902175,0.385623514431135,0.609172045231828,"lo_sal","E.Stuart"
"177","b.load_std.Stock.Fennell.",-0.4559396910751,-0.0583014396744234,0.0823094121329334,0.244385306493139,0.388257103799923,0.602689972206605,"lo_sal","Fennell"
"178","b.load_std.Stock.Gates.",-0.510812452095628,-0.0961016377101407,0.0528835761404544,0.232721652722208,0.375492834683081,0.571590256532016,"lo_sal","Gates"
"179","b.load_std.Stock.Harrison.",-0.53864682068013,-0.130224355985245,0.0282224670770649,0.202174166741562,0.336812577951164,0.554203073004489,"lo_sal","Harrison"
"180","b.load_std.Stock.L.Shuswap.",-0.463661994512483,-0.0752286807686138,0.075787130789986,0.243709283232587,0.383756714250174,0.604954007898034,"lo_sal","L.Shuswap"
"181","b.load_std.Stock.L.Stuart.",-0.478155263056714,-0.0899443640239061,0.062719102379773,0.239513354816174,0.375642612457434,0.592798536349874,"lo_sal","L.Stuart"
"182","b.load_std.Stock.Nadina.",-0.516103868253102,-0.119668179668891,0.0367509386662771,0.212086219245619,0.354121356163965,0.554908400297528,"lo_sal","Nadina"
"183","b.load_std.Stock.Pitt.",-0.482364240039179,-0.0765007340798265,0.0701590845972587,0.240760195544871,0.381674876461742,0.604083672701188,"lo_sal","Pitt"
"184","b.load_std.Stock.Portage.",-0.45696939936337,-0.0629050638588492,0.0803941880669031,0.260370029380369,0.402244420813572,0.626618614306155,"lo_sal","Portage"
"185","b.load_std.Stock.Quesnel.",-0.478430147545222,-0.0891045412072669,0.0568558911542593,0.238240726015106,0.375710963959077,0.597703078945923,"lo_sal","Quesnel"
"186","b.load_std.Stock.Raft.",-0.456750743232235,-0.0623564563050731,0.0758038145378319,0.242982325920352,0.393368604262173,0.606918293398059,"lo_sal","Raft"
"187","b.load_std.Stock.Scotch.",-0.467200924409688,-0.0721344133942703,0.0766171940434482,0.247962333139536,0.392928783843137,0.608728647855021,"lo_sal","Scotch"
"188","b.load_std.Stock.Seymour.",-0.458662256794821,-0.054995364715001,0.0834503413209146,0.261408809872534,0.394056549437793,0.616153084033142,"lo_sal","Seymour"
"189","b.load_std.Stock.Stellako.",-0.464385179162532,-0.0746762958336435,0.0703566873222409,0.242553132717749,0.389786380134609,0.596557039832533,"lo_sal","Stellako"
"190","b.load_std.Stock.Weaver.",-0.459816351318774,-0.067841084486289,0.0830894978273847,0.260139234060753,0.396370779609033,0.616551587898722,"lo_sal","Weaver"
"191","load_std",-0.434593217586827,-0.0728445466076859,0.0645207865625008,0.244097826982061,0.385471150327223,0.598791169724359,"my_arc","Global"
"192","b.load_std.Stock.Birkenhead.",-0.500191924283731,-0.0918670909234773,0.049766228812039,0.237275691877802,0.386172617477566,0.613342905116771,"my_arc","Birkenhead"
"193","b.load_std.Stock.Bowron.",-0.465086668301742,-0.0624504851650238,0.0803791912602634,0.268166058868357,0.422069011675543,0.64333471397541,"my_arc","Bowron"
"194","b.load_std.Stock.Chilko.",-0.49774157798295,-0.0986175558409458,0.0476943521915536,0.240713496627092,0.387844852674825,0.61132251105428,"my_arc","Chilko"
"195","b.load_std.Stock.E.Stuart.",-0.450825254541303,-0.075747963145783,0.0676635385072417,0.260229877748748,0.407136569130162,0.615716676142239,"my_arc","E.Stuart"
"196","b.load_std.Stock.Fennell.",-0.456671026150112,-0.0774428198942588,0.0692962631128264,0.251264549079595,0.398995715992445,0.609019642113013,"my_arc","Fennell"
"197","b.load_std.Stock.Gates.",-0.433974729594748,-0.0669175193464875,0.0861909566785363,0.277561298629158,0.426174900775662,0.645884854917069,"my_arc","Gates"
"198","b.load_std.Stock.Harrison.",-0.471945956349371,-0.106327574616578,0.0513868242128668,0.228438212328317,0.387679467410064,0.605155978033417,"my_arc","Harrison"
"199","b.load_std.Stock.L.Shuswap.",-0.46972517432061,-0.0695076721330762,0.0815788074617661,0.266590584883892,0.416775576182377,0.637312414728311,"my_arc","L.Shuswap"
"200","b.load_std.Stock.L.Stuart.",-0.48522508392411,-0.0903306311355367,0.0481932700698943,0.239925879475957,0.39055848571147,0.613292216800851,"my_arc","L.Stuart"
"201","b.load_std.Stock.Nadina.",-0.445515711073713,-0.07226507642552,0.0845090976283812,0.271341317114314,0.419753366597047,0.64282720406824,"my_arc","Nadina"
"202","b.load_std.Stock.Pitt.",-0.550916443986584,-0.152041775084359,0.0040980089918688,0.182527456562764,0.343294244971979,0.561531657884517,"my_arc","Pitt"
"203","b.load_std.Stock.Portage.",-0.46104095837131,-0.0854665956003945,0.0658067645517344,0.249163308708695,0.407528883026224,0.620485789292727,"my_arc","Portage"
"204","b.load_std.Stock.Quesnel.",-0.477530215525136,-0.102447253688937,0.0433759317082445,0.238431899401232,0.388607297988328,0.603160074823446,"my_arc","Quesnel"
"205","b.load_std.Stock.Raft.",-0.533250408489037,-0.136159811795968,0.00682411733727846,0.196091437652312,0.348102005463718,0.576215082816341,"my_arc","Raft"
"206","b.load_std.Stock.Scotch.",-0.440136729972858,-0.0654256350925708,0.0831884874477223,0.266988306553212,0.415809077534199,0.633139008501266,"my_arc","Scotch"
"207","b.load_std.Stock.Seymour.",-0.471017907647042,-0.0693714764767347,0.0800595619375269,0.25810484647873,0.404681235655265,0.61287538892163,"my_arc","Seymour"
"208","b.load_std.Stock.Stellako.",-0.454412743726788,-0.0807729614673075,0.0675045853032923,0.259747154438382,0.412847485761723,0.615002285447308,"my_arc","Stellako"
"209","b.load_std.Stock.Weaver.",-0.443674254290323,-0.0502094589973662,0.0969300348930254,0.289975869950442,0.430892449920469,0.659823427737834,"my_arc","Weaver"
"210","load_std",-0.599726884583832,-0.230151616624022,-0.0817963496741107,0.0940354039104298,0.227137781329761,0.44588670817771,"pa_kab","Global"
"211","b.load_std.Stock.Birkenhead.",-0.591735306367268,-0.196471808655017,-0.0363443294402379,0.155677823346059,0.309813584800295,0.5495895844286,"pa_kab","Birkenhead"
"212","b.load_std.Stock.Bowron.",-0.608416570632858,-0.204313396938658,-0.0476175488902411,0.142005609502409,0.295804594505722,0.517883771363068,"pa_kab","Bowron"
"213","b.load_std.Stock.Chilko.",-0.66412120969127,-0.258354532536069,-0.0999128783995321,0.0846259171610034,0.233977115320287,0.464576336905414,"pa_kab","Chilko"
"214","b.load_std.Stock.E.Stuart.",-0.642887634211143,-0.27761434834989,-0.121526253173953,0.0539775912837376,0.200200472760032,0.428198555321655,"pa_kab","E.Stuart"
"215","b.load_std.Stock.Fennell.",-0.672141035966329,-0.238383563419517,-0.0971714960249767,0.0803593740440689,0.233192372473006,0.472549231349233,"pa_kab","Fennell"
"216","b.load_std.Stock.Gates.",-0.69192208157504,-0.27655871085592,-0.120716753111984,0.0656423996397114,0.212245502379937,0.452360986251468,"pa_kab","Gates"
"217","b.load_std.Stock.Harrison.",-0.700925964160052,-0.299062160740803,-0.149511114846951,0.0390585530537508,0.19290128848021,0.416616370336376,"pa_kab","Harrison"
"218","b.load_std.Stock.L.Shuswap.",-0.539497087699089,-0.156157655388786,0.0115002068441816,0.198746486943915,0.359657569299669,0.6186964727358,"pa_kab","L.Shuswap"
"219","b.load_std.Stock.L.Stuart.",-0.706898927505911,-0.287418246285301,-0.129833511865902,0.0493713140949091,0.211353237305074,0.423424839862037,"pa_kab","L.Stuart"
"220","b.load_std.Stock.Nadina.",-0.725771714524658,-0.308870730974962,-0.15679492549282,0.028650699313705,0.192247820411087,0.40733088765946,"pa_kab","Nadina"
"221","b.load_std.Stock.Pitt.",-0.610683162076588,-0.208568523699079,-0.0505511527005338,0.132102550073122,0.284691504160815,0.511050704154672,"pa_kab","Pitt"
"222","b.load_std.Stock.Portage.",-0.582881224207914,-0.189800408849077,-0.0397126014294386,0.151623965217738,0.302014974383322,0.515203645402037,"pa_kab","Portage"
"223","b.load_std.Stock.Quesnel.",-0.547154767748293,-0.144165080351066,0.00545773715849884,0.200134633944364,0.358523439148492,0.59002797295871,"pa_kab","Quesnel"
"224","b.load_std.Stock.Raft.",-0.59586899495094,-0.18528769886144,-0.0358268809535179,0.15189449188583,0.291879150552576,0.54592542317005,"pa_kab","Raft"
"225","b.load_std.Stock.Scotch.",-0.690737272073659,-0.272492295956062,-0.109973837934945,0.0693902757267598,0.219677833764239,0.445591296388927,"pa_kab","Scotch"
"226","b.load_std.Stock.Seymour.",-0.663124619858904,-0.242685851868337,-0.105586372072021,0.08317890743468,0.228924089407449,0.473895161609295,"pa_kab","Seymour"
"227","b.load_std.Stock.Stellako.",-0.781005687261957,-0.329913497121755,-0.186803115536936,0.00705573270605,0.161748211246124,0.376810189067871,"pa_kab","Stellako"
"228","b.load_std.Stock.Weaver.",-0.648055694592991,-0.240797662848516,-0.0897707501410921,0.082750578401012,0.248621671038518,0.47047823598246,"pa_kab","Weaver"
"229","load_std",-0.862149898276099,-0.496051664717087,-0.354931906177749,-0.195775635610012,-0.0617248284907482,0.163913010617498,"pa_min","Global"
"230","b.load_std.Stock.Birkenhead.",-0.867579347940759,-0.480611173686851,-0.326797407144208,-0.156936818225832,-0.000471026297267324,0.243888716398708,"pa_min","Birkenhead"
"231","b.load_std.Stock.Bowron.",-1.03304281723041,-0.613265690416053,-0.442410265045497,-0.258452523317249,-0.120579295104045,0.107498502305862,"pa_min","Bowron"
"232","b.load_std.Stock.Chilko.",-0.971250372676266,-0.566223026475985,-0.410775791665954,-0.235409840470897,-0.0880125059571416,0.145613252266326,"pa_min","Chilko"
"233","b.load_std.Stock.E.Stuart.",-0.924720973672903,-0.532075208579823,-0.386757662932268,-0.20075164496088,-0.0634816609757665,0.172561677230356,"pa_min","E.Stuart"
"234","b.load_std.Stock.Fennell.",-0.867785223777365,-0.497610906110247,-0.338969417878868,-0.176518483264754,-0.0260320345032887,0.223045353301781,"pa_min","Fennell"
"235","b.load_std.Stock.Gates.",-0.829944289271304,-0.454301483971831,-0.310957180207745,-0.13543069542432,0.0174350069889294,0.262607809926127,"pa_min","Gates"
"236","b.load_std.Stock.Harrison.",-0.913862230169707,-0.499593491923878,-0.359885721238998,-0.185883937896452,-0.0323231583881615,0.197936432947989,"pa_min","Harrison"
"237","b.load_std.Stock.L.Shuswap.",-0.911163292266625,-0.528263244690159,-0.379917651911219,-0.211025557737389,-0.0641431684509231,0.169077505075006,"pa_min","L.Shuswap"
"238","b.load_std.Stock.L.Stuart.",-0.87397159476558,-0.484608733022344,-0.327261715395845,-0.166971401156374,-0.0157038731022572,0.215644672343924,"pa_min","L.Stuart"
"239","b.load_std.Stock.Nadina.",-0.965397509302598,-0.547188503886835,-0.387420956146921,-0.218945637998531,-0.0687071979926646,0.180701190990296,"pa_min","Nadina"
"240","b.load_std.Stock.Pitt.",-0.8479142050761,-0.465949411036102,-0.312794240761822,-0.158360661834551,-0.0124982943780968,0.24531359613592,"pa_min","Pitt"
"241","b.load_std.Stock.Portage.",-0.902303382096916,-0.529252770668203,-0.379672152482114,-0.213095035012106,-0.0538748653886264,0.179207364258178,"pa_min","Portage"
"242","b.load_std.Stock.Quesnel.",-0.931346838498076,-0.561433722924421,-0.39275388396009,-0.226335728523973,-0.0810308593450158,0.168862733696228,"pa_min","Quesnel"
"243","b.load_std.Stock.Raft.",-0.947477123642897,-0.554693960985482,-0.388363837580364,-0.224464684864471,-0.0795895531511616,0.155855254266287,"pa_min","Raft"
"244","b.load_std.Stock.Scotch.",-0.885662519532129,-0.502632628514818,-0.345119742129326,-0.185587184726168,-0.0252691630268423,0.213104407792117,"pa_min","Scotch"
"245","b.load_std.Stock.Seymour.",-0.922865968548739,-0.537809295179387,-0.38892886949642,-0.219224058279142,-0.0678319402863772,0.169937113508555,"pa_min","Seymour"
"246","b.load_std.Stock.Stellako.",-0.884068716425139,-0.507860879004098,-0.355472534442136,-0.191900994468908,-0.0482250458383446,0.191551603234856,"pa_min","Stellako"
"247","b.load_std.Stock.Weaver.",-0.800720266780123,-0.413267992712544,-0.263893553943916,-0.0856560454205179,0.068279230615905,0.30905537160248,"pa_min","Weaver"
"248","load_std",-0.864983796303608,-0.497351294152675,-0.348742694156902,-0.194671856589549,-0.0463754464511594,0.16497231274093,"pa_pse","Global"
"249","b.load_std.Stock.Birkenhead.",-0.904555011255511,-0.493102984816082,-0.314503286841071,-0.12476416648566,0.0446168165780081,0.291740247609234,"pa_pse","Birkenhead"
"250","b.load_std.Stock.Bowron.",-0.942501722737484,-0.52211565663048,-0.346695456281299,-0.137968091111871,0.0334935276376104,0.288880492174545,"pa_pse","Bowron"
"251","b.load_std.Stock.Chilko.",-0.794442777529251,-0.364668288545106,-0.196492541561572,0.0156101719269112,0.184587010468957,0.435581691171093,"pa_pse","Chilko"
"252","b.load_std.Stock.E.Stuart.",-0.694849641489974,-0.265392604030333,-0.0940957002374831,0.103640998536703,0.279570366039346,0.532977876748662,"pa_pse","E.Stuart"
"253","b.load_std.Stock.Fennell.",-1.14180955729672,-0.748355626789411,-0.562325551138164,-0.354735270094792,-0.203479337167538,0.0748707628427327,"pa_pse","Fennell"
"254","b.load_std.Stock.Gates.",-0.885555833526309,-0.450325809468349,-0.276304521533663,-0.08800089572126,0.0911912408028915,0.350766580286443,"pa_pse","Gates"
"255","b.load_std.Stock.Harrison.",-0.729054731014023,-0.303634611661282,-0.147453153678237,0.0834646488727098,0.25622146701106,0.504799024945989,"pa_pse","Harrison"
"256","b.load_std.Stock.L.Shuswap.",-1.26869591109228,-0.79806225730834,-0.610239971210903,-0.400177244193328,-0.235336338348851,0.0159072263164764,"pa_pse","L.Shuswap"
"257","b.load_std.Stock.L.Stuart.",-0.843417303716891,-0.441599870265706,-0.270005174682506,-0.0851122957150523,0.0967107916483991,0.342819740342752,"pa_pse","L.Stuart"
"258","b.load_std.Stock.Nadina.",-0.770575321062369,-0.391342257632325,-0.219694489495455,-0.00212444141969511,0.177438311310956,0.422381494625213,"pa_pse","Nadina"
"259","b.load_std.Stock.Pitt.",-0.6917016759934,-0.280370566705218,-0.114415141735721,0.108359391672866,0.271565564099687,0.557898112469889,"pa_pse","Pitt"
"260","b.load_std.Stock.Portage.",-1.35638854495093,-0.899270152843062,-0.727044318121913,-0.508731276304403,-0.334607384502984,-0.0855502003985077,"pa_pse","Portage"
"261","b.load_std.Stock.Quesnel.",-1.03100980441301,-0.627855094056165,-0.449482032142259,-0.256792800048833,-0.0897624931484436,0.17414534475152,"pa_pse","Quesnel"
"262","b.load_std.Stock.Raft.",-0.837210280415858,-0.392147535004958,-0.229996602216206,-0.0419567327329997,0.131527901347009,0.376224961968134,"pa_pse","Raft"
"263","b.load_std.Stock.Scotch.",-1.1337286861836,-0.691734589052216,-0.515330682603619,-0.333577732180884,-0.16307965782758,0.100129703668659,"pa_pse","Scotch"
"264","b.load_std.Stock.Seymour.",-1.00355187342025,-0.582821841588513,-0.417125656107088,-0.214586407276036,-0.0551126129351287,0.204369927390365,"pa_pse","Seymour"
"265","b.load_std.Stock.Stellako.",-1.01003034743924,-0.591402846639351,-0.423734146760104,-0.225775186824465,-0.0549772080723026,0.180593860653606,"pa_pse","Stellako"
"266","b.load_std.Stock.Weaver.",-1.63862436506828,-1.16117620427682,-0.956032639969239,-0.718817074877782,-0.524984759983604,-0.220266393075415,"pa_pse","Weaver"
"267","load_std",-0.74691335512292,-0.404585931122295,-0.236111676063849,-0.0603328034768099,0.0721472855614307,0.292354291054023,"pa_ther","Global"
"268","b.load_std.Stock.Birkenhead.",-0.88825896879882,-0.524456064528181,-0.339858030007799,-0.126296004982571,0.0319176219845167,0.262556010937876,"pa_ther","Birkenhead"
"269","b.load_std.Stock.Bowron.",-0.763353272146945,-0.369614517643357,-0.192629942792158,-0.0109311637363607,0.144726004235096,0.383054040106142,"pa_ther","Bowron"
"270","b.load_std.Stock.Chilko.",-0.781372790487135,-0.408340278993725,-0.235710978120796,-0.048585062815776,0.107008841852141,0.344099696799719,"pa_ther","Chilko"
"271","b.load_std.Stock.E.Stuart.",-0.754632129913399,-0.388030768592941,-0.210998953554968,-0.0325300026622356,0.122093314653364,0.372029848688742,"pa_ther","E.Stuart"
"272","b.load_std.Stock.Fennell.",-0.725069371352099,-0.359930428979755,-0.179737783191922,0.00517648624093279,0.149181365113677,0.391415393539638,"pa_ther","Fennell"
"273","b.load_std.Stock.Gates.",-0.960562394589295,-0.55516373561464,-0.373169101808748,-0.160959154625402,0.000683239068266944,0.244128927807287,"pa_ther","Gates"
"274","b.load_std.Stock.Harrison.",-0.947654816087375,-0.551978828346612,-0.37410455242483,-0.17451232736067,-0.00576461011272365,0.261249445978159,"pa_ther","Harrison"
"275","b.load_std.Stock.L.Shuswap.",-0.811016441737227,-0.436566173303363,-0.261030615052457,-0.0734694955361651,0.0789000537431321,0.334544708258629,"pa_ther","L.Shuswap"
"276","b.load_std.Stock.L.Stuart.",-0.723058508331109,-0.343190437712531,-0.177581522142931,0.00852629760573422,0.164919401110494,0.409755048925357,"pa_ther","L.Stuart"
"277","b.load_std.Stock.Nadina.",-0.705153498301997,-0.348780508259904,-0.163920026289483,0.0218465915026602,0.179553475396042,0.431055802177006,"pa_ther","Nadina"
"278","b.load_std.Stock.Pitt.",-1.15840176481417,-0.725229557738313,-0.533435470650448,-0.289790445630315,-0.108771351929957,0.143121583465213,"pa_ther","Pitt"
"279","b.load_std.Stock.Portage.",-0.687512388824408,-0.301724105451229,-0.126862026978618,0.0607653309657945,0.216496169657686,0.47165744041922,"pa_ther","Portage"
"280","b.load_std.Stock.Quesnel.",-0.762957646171635,-0.346737034318803,-0.172066740298828,-0.00223659659164988,0.166973963517457,0.393468701313384,"pa_ther","Quesnel"
"281","b.load_std.Stock.Raft.",-0.846023006744596,-0.456450295349416,-0.260428012410417,-0.0834583829667961,0.0594995779453201,0.288377408683506,"pa_ther","Raft"
"282","b.load_std.Stock.Scotch.",-0.763741864277849,-0.386999330115789,-0.220702586734907,-0.0276781936448257,0.119774528350713,0.348169468802738,"pa_ther","Scotch"
"283","b.load_std.Stock.Seymour.",-0.711262161967387,-0.336697228268614,-0.157398428235069,0.0225496832285586,0.175365482415707,0.449702780756345,"pa_ther","Seymour"
"284","b.load_std.Stock.Stellako.",-0.712318601879475,-0.353076279898657,-0.184872616184745,0.000299321477845609,0.156272167863789,0.400202434347401,"pa_ther","Stellako"
"285","b.load_std.Stock.Weaver.",-0.813453654511429,-0.425157661437157,-0.236151005702853,-0.0461608668144182,0.10589353308305,0.343116973494712,"pa_ther","Weaver"
"286","load_std",-0.78430992493021,-0.403324934045601,-0.24282856405073,-0.0734684346310859,0.0775319914108639,0.285419405926082,"prv","Global"
"287","b.load_std.Stock.Birkenhead.",-0.878683887265941,-0.440401798367603,-0.261257141044982,-0.0623743781582526,0.0935339987504002,0.353345600866606,"prv","Birkenhead"
"288","b.load_std.Stock.Bowron.",-0.877742021305417,-0.421456325766712,-0.248772934532758,-0.0426913824597411,0.113724866803247,0.381494111450665,"prv","Bowron"
"289","b.load_std.Stock.Chilko.",-0.705349018347511,-0.280054364168413,-0.0914134573314292,0.11527870352274,0.292446688262279,0.539755114490342,"prv","Chilko"
"290","b.load_std.Stock.E.Stuart.",-0.635145741544049,-0.215026808210623,-0.0414051137197086,0.167802504013706,0.352549321619799,0.628369117478668,"prv","E.Stuart"
"291","b.load_std.Stock.Fennell.",-1.04124257768585,-0.590570878264223,-0.396990653772016,-0.18563635092281,-0.0296845752354756,0.214868158257993,"prv","Fennell"
"292","b.load_std.Stock.Gates.",-0.829931678171747,-0.380179492260873,-0.214299379754097,-0.0136246376045129,0.165564620626281,0.393759122178728,"prv","Gates"
"293","b.load_std.Stock.Harrison.",-0.618148911656312,-0.194204154858011,-0.0168615634017307,0.201463504960676,0.381893606591241,0.647901094039797,"prv","Harrison"
"294","b.load_std.Stock.L.Shuswap.",-1.10777176184854,-0.645429168823926,-0.46687707306873,-0.260418100531002,-0.0673906711908701,0.173881724596557,"prv","L.Shuswap"
"295","b.load_std.Stock.L.Stuart.",-0.791497026003242,-0.366826990252277,-0.201210242272439,-2.93964118418878e-05,0.162521522991146,0.406563995731777,"prv","L.Stuart"
"296","b.load_std.Stock.Nadina.",-0.704528350625564,-0.286917579301579,-0.116821290571523,0.0892771854979488,0.265984100176858,0.537453523451726,"prv","Nadina"
"297","b.load_std.Stock.Pitt.",-0.614079267321932,-0.197959510453364,-0.0150730604131798,0.182819180551995,0.375592755203379,0.665861234537143,"prv","Pitt"
"298","b.load_std.Stock.Portage.",-1.23123694525596,-0.775619369747369,-0.577144710061966,-0.372126167367599,-0.191310839930705,0.0846636940271639,"prv","Portage"
"299","b.load_std.Stock.Quesnel.",-0.970421842594978,-0.539034276946412,-0.360706702266985,-0.148163901176242,0.0123224857788729,0.26305926568236,"prv","Quesnel"
"300","b.load_std.Stock.Raft.",-0.729978994895023,-0.305525277992787,-0.128791789207378,0.0755100087832124,0.259071312137911,0.515005076823035,"prv","Raft"
"301","b.load_std.Stock.Scotch.",-1.01491685014501,-0.58694067598654,-0.392491783353171,-0.192638700457644,-0.0313299319541863,0.229403049183057,"prv","Scotch"
"302","b.load_std.Stock.Seymour.",-0.926281965284172,-0.478241744415347,-0.297079079442834,-0.101219247136492,0.0517621316364178,0.311780317894482,"prv","Seymour"
"303","b.load_std.Stock.Stellako.",-0.942446118207261,-0.47418723864989,-0.291199900623938,-0.0974965692830049,0.0866088173915006,0.33019770874796,"prv","Stellako"
"304","b.load_std.Stock.Weaver.",-1.52413914693843,-1.02763201113512,-0.808962238309821,-0.552368306669011,-0.369357421943376,-0.0994458898370672,"prv","Weaver"
"305","load_std",-0.350793993856007,-0.0111845056797642,0.139876630645587,0.294310299809436,0.427575176839084,0.633402130220047,"pspv","Global"
"306","b.load_std.Stock.Birkenhead.",-0.433088733741365,-0.0685296899367474,0.0771953810477715,0.251579179754629,0.401759940529823,0.624907517751996,"pspv","Birkenhead"
"307","b.load_std.Stock.Bowron.",-0.329685011789219,0.0347112668373262,0.172915489037219,0.341089692701023,0.491321576641734,0.708046537416624,"pspv","Bowron"
"308","b.load_std.Stock.Chilko.",-0.362691778544908,-0.0126247482078876,0.141305279323138,0.308896833848925,0.467930519273828,0.679790895750777,"pspv","Chilko"
"309","b.load_std.Stock.E.Stuart.",-0.383480435680363,-0.0175659801906722,0.131246596576488,0.303867791876573,0.449264023122361,0.667181911162454,"pspv","E.Stuart"
"310","b.load_std.Stock.Fennell.",-0.346526110851349,-0.00602808329347928,0.15197122419344,0.326803684176104,0.477828876365707,0.689873209378681,"pspv","Fennell"
"311","b.load_std.Stock.Gates.",-0.469767319125163,-0.0809853800501632,0.0767157279091344,0.245192388058544,0.407484788654959,0.619493339118425,"pspv","Gates"
"312","b.load_std.Stock.Harrison.",-0.456867881789139,-0.0819365987666869,0.0684282869645248,0.248804268316933,0.402253332563329,0.61112921085847,"pspv","Harrison"
"313","b.load_std.Stock.L.Shuswap.",-0.418208527975571,-0.0531328154544619,0.0996296005202658,0.261691712717495,0.418084923211826,0.642719300346147,"pspv","L.Shuswap"
"314","b.load_std.Stock.L.Stuart.",-0.358520964659298,-0.00894655271424402,0.14256414311836,0.302950890065723,0.459105688813176,0.672778284987193,"pspv","L.Stuart"
"315","b.load_std.Stock.Nadina.",-0.373663284084536,-0.00624447634287314,0.136961165819323,0.31709927188303,0.458949010785623,0.670153731546972,"pspv","Nadina"
"316","b.load_std.Stock.Pitt.",-0.525996027380865,-0.116150793360749,0.0365134140280359,0.214726789952326,0.366084360022267,0.587346659881356,"pspv","Pitt"
"317","b.load_std.Stock.Portage.",-0.330754931262855,0.0238208912929313,0.178481624461814,0.364303178085566,0.508481347263097,0.723112272858865,"pspv","Portage"
"318","b.load_std.Stock.Quesnel.",-0.379850929792391,-0.0288638859161145,0.130637924418586,0.304681436848046,0.442204840903113,0.669446003029988,"pspv","Quesnel"
"319","b.load_std.Stock.Raft.",-0.398461789094562,-0.0250713193108565,0.122897748292218,0.291214325811342,0.436528751654848,0.651089018270588,"pspv","Raft"
"320","b.load_std.Stock.Scotch.",-0.34139801150007,0.00795152189445036,0.148691660065871,0.326496789051402,0.468727704411795,0.687018506116359,"pspv","Scotch"
"321","b.load_std.Stock.Seymour.",-0.345323177822848,0.0277348199171341,0.181291694843205,0.360734818585481,0.5014495223431,0.733675313677241,"pspv","Seymour"
"322","b.load_std.Stock.Stellako.",-0.310304999806106,0.0425237965060207,0.190710932196002,0.36703189550351,0.520667261914532,0.736461386456686,"pspv","Stellako"
"323","b.load_std.Stock.Weaver.",-0.371591696197936,-0.0151140009269602,0.140883686016551,0.316184323235451,0.465957055073821,0.666712291450065,"pspv","Weaver"
"324","load_std",-0.596065387581748,-0.23552418170948,-0.0871805560766958,0.0906059877990073,0.223982685601911,0.448270901735395,"rlo","Global"
"325","b.load_std.Stock.Birkenhead.",-0.613644075866487,-0.210970173011589,-0.0583294389986636,0.107249018104603,0.264078361267458,0.507185528281573,"rlo","Birkenhead"
"326","b.load_std.Stock.Bowron.",-0.713056545435923,-0.325401898258266,-0.150105699051341,0.0235075280080444,0.172232066393626,0.394368329557226,"rlo","Bowron"
"327","b.load_std.Stock.Chilko.",-0.699282939988416,-0.299477173581621,-0.140084222517968,0.0474582586369733,0.183329487732863,0.421571837093913,"rlo","Chilko"
"328","b.load_std.Stock.E.Stuart.",-0.639751639121973,-0.251000246502784,-0.0897118983115236,0.0840913413550564,0.236529003494444,0.464092137401893,"rlo","E.Stuart"
"329","b.load_std.Stock.Fennell.",-0.597961932663408,-0.215210893137505,-0.0516698642159831,0.132561783921913,0.274034618544311,0.49457017858161,"rlo","Fennell"
"330","b.load_std.Stock.Gates.",-0.599889125647906,-0.207908960934292,-0.0539089686132105,0.118845678587897,0.25641054701293,0.513751003285968,"rlo","Gates"
"331","b.load_std.Stock.Harrison.",-0.629302677420181,-0.232834234530728,-0.0753606054279536,0.108817729986883,0.254807063840321,0.495017651636733,"rlo","Harrison"
"332","b.load_std.Stock.L.Shuswap.",-0.607843145877864,-0.207892833703258,-0.0621680686113217,0.115553715154741,0.274855620367848,0.516504938402597,"rlo","L.Shuswap"
"333","b.load_std.Stock.L.Stuart.",-0.628182221471308,-0.247317762414783,-0.0886425964936016,0.0902610239982476,0.226647114157648,0.461468692396324,"rlo","L.Stuart"
"334","b.load_std.Stock.Nadina.",-0.670252761552865,-0.268943067036845,-0.109511850001001,0.0709444377553599,0.215942119633078,0.46360479821962,"rlo","Nadina"
"335","b.load_std.Stock.Pitt.",-0.610009912431966,-0.197617049016959,-0.04876129396851,0.126669354967875,0.275223170630724,0.512225393889144,"rlo","Pitt"
"336","b.load_std.Stock.Portage.",-0.658758871579017,-0.265319379321133,-0.109785448608545,0.0703251689470953,0.215787105608943,0.443774559362344,"rlo","Portage"
"337","b.load_std.Stock.Quesnel.",-0.684862942887111,-0.298583399982813,-0.131454365700378,0.0393968288112644,0.189234444053809,0.408828446698106,"rlo","Quesnel"
"338","b.load_std.Stock.Raft.",-0.664702913440271,-0.270007506408721,-0.105305108379928,0.0749937624320563,0.206336391065958,0.430724157166525,"rlo","Raft"
"339","b.load_std.Stock.Scotch.",-0.603533119901781,-0.198835502504932,-0.0597057872232536,0.119859396699327,0.261428166116479,0.494620789363959,"rlo","Scotch"
"340","b.load_std.Stock.Seymour.",-0.660624336525083,-0.25475232477034,-0.0994504536339332,0.0777897885420713,0.208181916755005,0.448463282723456,"rlo","Seymour"
"341","b.load_std.Stock.Stellako.",-0.653056659770392,-0.265157884315345,-0.102293374783899,0.0736745341226323,0.214193448874756,0.447725600718647,"rlo","Stellako"
"342","b.load_std.Stock.Weaver.",-0.56133300194233,-0.153712524089535,-0.00227954555469057,0.177217736858936,0.348251411011978,0.57540561102187,"rlo","Weaver"
"343","load_std",-0.539360663179026,-0.16954571973891,-0.0278061485976586,0.150384060993912,0.281934221251055,0.521866621761403,"sch","Global"
"344","b.load_std.Stock.Birkenhead.",-0.998052157485786,-0.544223074825693,-0.348153186794337,-0.115512306865671,0.0482830802677063,0.319074088641419,"sch","Birkenhead"
"345","b.load_std.Stock.Bowron.",-0.55022264335192,-0.141185340715462,0.0180850124516738,0.226500168414856,0.379952575058134,0.648564854892734,"sch","Bowron"
"346","b.load_std.Stock.Chilko.",-0.503725799554314,-0.111018821723803,0.0476812018387889,0.255031537121331,0.432014258881093,0.690635829181731,"sch","Chilko"
"347","b.load_std.Stock.E.Stuart.",-0.663098867038667,-0.25858980726222,-0.0910224555868571,0.114372060296925,0.275948310735314,0.556674740722379,"sch","E.Stuart"
"348","b.load_std.Stock.Fennell.",-0.462570995084079,-0.06913069403071,0.0886754021517442,0.292910173475638,0.472064366034072,0.754516714217055,"sch","Fennell"
"349","b.load_std.Stock.Gates.",-1.08984850286778,-0.600794502400647,-0.416122308019516,-0.178355001275765,0.0054244898505165,0.257925460298779,"sch","Gates"
"350","b.load_std.Stock.Harrison.",-0.738991114705496,-0.31342913780785,-0.147813319064277,0.0508290673060857,0.228131321978252,0.496676360106016,"sch","Harrison"
"351","b.load_std.Stock.L.Shuswap.",-0.631434561491471,-0.239269611660679,-0.0779643413308657,0.127387210439691,0.309260357501411,0.568569548918065,"sch","L.Shuswap"
"352","b.load_std.Stock.L.Stuart.",-0.55326200166916,-0.122230838670664,0.0254987412332124,0.246959565450188,0.432560597991141,0.690085811370825,"sch","L.Stuart"
"353","b.load_std.Stock.Nadina.",-0.445725364243855,-0.0522177468313823,0.122921920251323,0.332013253943901,0.535601657791677,0.818673338846396,"sch","Nadina"
"354","b.load_std.Stock.Pitt.",-1.22220456761588,-0.705058727513548,-0.504666976505608,-0.259557041534384,-0.0623117032507869,0.192247052056536,"sch","Pitt"
"355","b.load_std.Stock.Portage.",-0.330264373933233,0.0442345369691114,0.222019232036414,0.429702453327275,0.637348009851108,0.930427911736607,"sch","Portage"
"356","b.load_std.Stock.Quesnel.",-0.507161822398327,-0.0713660465946699,0.0874727946158979,0.292272194521724,0.47820485036507,0.739953806135106,"sch","Quesnel"
"357","b.load_std.Stock.Raft.",-0.556857633286363,-0.16962871329934,0.000990681666763934,0.196564622728545,0.360601769852728,0.617403340834882,"sch","Raft"
"358","b.load_std.Stock.Scotch.",-0.610219381545905,-0.184465405034349,-0.024418092692691,0.163562265629902,0.330695704094734,0.5984405739837,"sch","Scotch"
"359","b.load_std.Stock.Seymour.",-0.474823847236481,-0.0681461540707907,0.102350726485071,0.3190719239563,0.504982572198343,0.772731428516807,"sch","Seymour"
"360","b.load_std.Stock.Stellako.",-0.422524495233908,-0.0238135194057284,0.147016327573688,0.373199667342367,0.538543566948216,0.796975068203913,"sch","Stellako"
"361","b.load_std.Stock.Weaver.",-0.692766928674109,-0.244736766003751,-0.080222731740064,0.115144793537824,0.285828649657156,0.533292602276631,"sch","Weaver"
"362","load_std",-0.722591495179323,-0.347241296117597,-0.194583895907521,-0.0223966867786392,0.11704576978039,0.3377086123505,"sp_des","Global"
"363","b.load_std.Stock.Birkenhead.",-0.863715836583022,-0.439184501194453,-0.26989026868749,-0.0871520643957598,0.0666129682181591,0.302271909861391,"sp_des","Birkenhead"
"364","b.load_std.Stock.Bowron.",-0.687788255468656,-0.292144188493119,-0.119174960431029,0.0660027834261064,0.215995240228751,0.464738115103796,"sp_des","Bowron"
"365","b.load_std.Stock.Chilko.",-0.75124847838399,-0.350882196900297,-0.207677786385333,-0.00375091775622593,0.161664231605768,0.408434910760157,"sp_des","Chilko"
"366","b.load_std.Stock.E.Stuart.",-0.722810291399419,-0.338705855207621,-0.186395456153085,0.00837180577648562,0.158515251387739,0.42857159239171,"sp_des","E.Stuart"
"367","b.load_std.Stock.Fennell.",-0.69462212995751,-0.293562621609996,-0.136253834494598,0.0542539629590214,0.204295748168869,0.444962660377662,"sp_des","Fennell"
"368","b.load_std.Stock.Gates.",-0.941751203658848,-0.494017115924242,-0.336022697973943,-0.132803988070045,0.0285270788530659,0.286245121840857,"sp_des","Gates"
"369","b.load_std.Stock.Harrison.",-0.935609660425959,-0.511311084399477,-0.352298077464448,-0.148418489429632,0.022111189376852,0.265039352031886,"sp_des","Harrison"
"370","b.load_std.Stock.L.Shuswap.",-0.740277469059252,-0.348845540150031,-0.193221917063276,-0.00704929083141228,0.147446392158281,0.411989382036084,"sp_des","L.Shuswap"
"371","b.load_std.Stock.L.Stuart.",-0.69137190490224,-0.312550891039387,-0.146295409505451,0.062375914261618,0.214720181980645,0.457464046191076,"sp_des","L.Stuart"
"372","b.load_std.Stock.Nadina.",-0.666085877922708,-0.296280940329873,-0.122665804653369,0.0779686632619181,0.243380960253922,0.494861313705062,"sp_des","Nadina"
"373","b.load_std.Stock.Pitt.",-1.20072987447764,-0.677754502858775,-0.484693620491747,-0.268336154979261,-0.0868273793115944,0.158403366145486,"sp_des","Pitt"
"374","b.load_std.Stock.Portage.",-0.613585897422104,-0.238664655746706,-0.0784106226255952,0.121723688293826,0.284937993243487,0.530051327770521,"sp_des","Portage"
"375","b.load_std.Stock.Quesnel.",-0.683260203378134,-0.283856387913558,-0.134598180149099,0.0660437070535495,0.219686480652808,0.473579800906937,"sp_des","Quesnel"
"376","b.load_std.Stock.Raft.",-0.795491910615696,-0.380932969145184,-0.229226517723117,-0.0356699752753016,0.111045941107533,0.353086359570354,"sp_des","Raft"
"377","b.load_std.Stock.Scotch.",-0.721614438036728,-0.333956595807727,-0.178006991965562,0.00617229370342075,0.162950725215,0.398285197646655,"sp_des","Scotch"
"378","b.load_std.Stock.Seymour.",-0.653623002736642,-0.263850995027243,-0.0991404475487146,0.0928188189459339,0.245329815706595,0.494603558195289,"sp_des","Seymour"
"379","b.load_std.Stock.Stellako.",-0.695538708997131,-0.315380101559667,-0.155409008395835,0.0349327624725696,0.190117523157994,0.433776640226747,"sp_des","Stellako"
"380","b.load_std.Stock.Weaver.",-0.73259217804869,-0.358749594131876,-0.204268467340887,-0.00281292460896172,0.149554525319765,0.377941867401863,"sp_des","Weaver"
"381","load_std",-0.701461471008038,-0.346616543866092,-0.204197411814152,-0.0270946769304268,0.116991688578794,0.340414068789488,"te_bry","Global"
"382","b.load_std.Stock.Birkenhead.",-0.716717132946461,-0.357886861801739,-0.199564414826297,-0.0160102569052118,0.12978197688932,0.372802775384438,"te_bry","Birkenhead"
"383","b.load_std.Stock.Bowron.",-0.706923256756634,-0.319030239716188,-0.172860508855807,0.00273056945106181,0.152487980087795,0.395934324796101,"te_bry","Bowron"
"384","b.load_std.Stock.Chilko.",-0.710565799997839,-0.340558096492515,-0.184331277315511,0.00624748143578399,0.158513958302798,0.406936536302818,"te_bry","Chilko"
"385","b.load_std.Stock.E.Stuart.",-0.69739081191718,-0.291226314775511,-0.141725679645295,0.0412453834954489,0.199333275386117,0.458241695209374,"te_bry","E.Stuart"
"386","b.load_std.Stock.Fennell.",-0.729160356767156,-0.364367556620971,-0.205061332308312,-0.0161015714455716,0.119115858717849,0.353637585465036,"te_bry","Fennell"
"387","b.load_std.Stock.Gates.",-0.785175792610314,-0.39074746247446,-0.232857458137701,-0.045504286239363,0.0982337948288517,0.320645637968039,"te_bry","Gates"
"388","b.load_std.Stock.Harrison.",-0.766489425655234,-0.392135046071243,-0.229557990217311,-0.0504942563418427,0.105501139645737,0.328836056398166,"te_bry","Harrison"
"389","b.load_std.Stock.L.Shuswap.",-0.805144063659049,-0.416398548620986,-0.254362201940533,-0.0780428952144853,0.0732368512795991,0.294077425758551,"te_bry","L.Shuswap"
"390","b.load_std.Stock.L.Stuart.",-0.710703328521656,-0.331568455580417,-0.181356206761875,0.00691549045072701,0.153362265763107,0.397810834744042,"te_bry","L.Stuart"
"391","b.load_std.Stock.Nadina.",-0.717170925454084,-0.349423300264716,-0.191313739263734,-0.000670271383818084,0.145490101642531,0.382299979934496,"te_bry","Nadina"
"392","b.load_std.Stock.Pitt.",-0.737680893164431,-0.360878799002513,-0.216586328453978,-0.0322640212295059,0.115915188723604,0.339341452642128,"te_bry","Pitt"
"393","b.load_std.Stock.Portage.",-0.754125039134386,-0.385757874706507,-0.230605615184619,-0.0471662558094369,0.108896602381501,0.319504286371222,"te_bry","Portage"
"394","b.load_std.Stock.Quesnel.",-0.766998263630192,-0.386992989653289,-0.226928379688009,-0.0455576467954332,0.109614529674777,0.314502286217966,"te_bry","Quesnel"
"395","b.load_std.Stock.Raft.",-0.715448588391772,-0.335353218048934,-0.180464898681101,0.00151107955784392,0.133035042935813,0.382391085742678,"te_bry","Raft"
"396","b.load_std.Stock.Scotch.",-0.740281227289821,-0.359965929160914,-0.209673816249537,-0.0372980788019631,0.120042517139466,0.346048323360312,"te_bry","Scotch"
"397","b.load_std.Stock.Seymour.",-0.69949773433149,-0.322121715205906,-0.170896375399327,0.0140069284036262,0.170701703603509,0.432542168360796,"te_bry","Seymour"
"398","b.load_std.Stock.Stellako.",-0.733288113424718,-0.337521422638204,-0.193351137698745,0.000406727468715534,0.143787610159332,0.385232363112201,"te_bry","Stellako"
"399","b.load_std.Stock.Weaver.",-0.82361748513221,-0.441922463804368,-0.293946492223965,-0.108515247640321,0.0481162035385742,0.268567755919266,"te_bry","Weaver"
"400","load_std",-1.02139829454339,-0.712117209757818,-0.591689155757475,-0.457269768832728,-0.339553384279369,-0.143741732591245,"te_mar","Global"
"401","b.load_std.Stock.Birkenhead.",-1.01744088978598,-0.699398622484585,-0.566589303093315,-0.419922037761598,-0.286715964721312,-0.0874290037157431,"te_mar","Birkenhead"
"402","b.load_std.Stock.Bowron.",-1.11336150029984,-0.768486795384411,-0.637151675884463,-0.493377906201329,-0.36274791479141,-0.157682153921802,"te_mar","Bowron"
"403","b.load_std.Stock.Chilko.",-1.0701566307374,-0.74220186005051,-0.618009273471764,-0.460166046768354,-0.339892328488284,-0.142502626675047,"te_mar","Chilko"
"404","b.load_std.Stock.E.Stuart.",-1.10842812245172,-0.766719655762345,-0.631877065746056,-0.486534130680079,-0.352355736196116,-0.161270595924636,"te_mar","E.Stuart"
"405","b.load_std.Stock.Fennell.",-1.07176118483105,-0.73289990946151,-0.604606163991356,-0.457524571171961,-0.323561094563502,-0.138474103572284,"te_mar","Fennell"
"406","b.load_std.Stock.Gates.",-1.01659559146591,-0.690854336924795,-0.563285997745133,-0.404362976193456,-0.2725660606389,-0.0566775687322804,"te_mar","Gates"
"407","b.load_std.Stock.Harrison.",-1.08754427338474,-0.734360877329461,-0.613718407491004,-0.458738084495271,-0.332700880834523,-0.144520633749993,"te_mar","Harrison"
"408","b.load_std.Stock.L.Shuswap.",-1.14017664636149,-0.781934971723427,-0.648094190641178,-0.498347876787107,-0.374124411180946,-0.167739058066173,"te_mar","L.Shuswap"
"409","b.load_std.Stock.L.Stuart.",-1.00821867437051,-0.677829740939541,-0.553836165093635,-0.408177263595127,-0.276874963929758,-0.0626932810096821,"te_mar","L.Stuart"
"410","b.load_std.Stock.Nadina.",-1.09488667424212,-0.756050641456175,-0.626110729871966,-0.483546549490552,-0.360216305212417,-0.158175355759821,"te_mar","Nadina"
"411","b.load_std.Stock.Pitt.",-1.01964668811966,-0.698884123496476,-0.575385001788562,-0.426369053458656,-0.296589098649987,-0.0990177288574682,"te_mar","Pitt"
"412","b.load_std.Stock.Portage.",-1.03650403228858,-0.712082586667177,-0.586906061185521,-0.442213570953049,-0.312943853075972,-0.106960446341475,"te_mar","Portage"
"413","b.load_std.Stock.Quesnel.",-1.0396096502348,-0.707943621289076,-0.584061001925993,-0.431011350940878,-0.295978361777011,-0.103833888802566,"te_mar","Quesnel"
"414","b.load_std.Stock.Raft.",-1.05308921327948,-0.727980941746886,-0.609401634689465,-0.455991433272901,-0.329383161750011,-0.138736428939953,"te_mar","Raft"
"415","b.load_std.Stock.Scotch.",-1.06887806343105,-0.737430528257613,-0.613784875383068,-0.463185596920773,-0.34593284454087,-0.140625100122073,"te_mar","Scotch"
"416","b.load_std.Stock.Seymour.",-1.07153093187095,-0.747919671367384,-0.617142875636914,-0.47230220293213,-0.332645792985571,-0.135478707650795,"te_mar","Seymour"
"417","b.load_std.Stock.Stellako.",-1.02822854317572,-0.71136498164696,-0.57838095698469,-0.439291501068921,-0.304375730316002,-0.111407553555032,"te_mar","Stellako"
"418","b.load_std.Stock.Weaver.",-0.98315830880201,-0.670133655716097,-0.548231742219637,-0.392294818479471,-0.256901793118138,-0.0468124275739171,"te_mar","Weaver"
"419","load_std",-0.344169167397261,0.0299465220039289,0.160997559144389,0.331187167768269,0.467213441405987,0.684444967782724,"ven","Global"
"420","b.load_std.Stock.Birkenhead.",-0.350141899658944,0.0208056117242306,0.166716520221708,0.344501588467494,0.494187669899726,0.731188199531154,"ven","Birkenhead"
"421","b.load_std.Stock.Bowron.",-0.385614872385118,-0.0234771839299612,0.122396066138074,0.298057476988705,0.451451052002154,0.671430089814065,"ven","Bowron"
"422","b.load_std.Stock.Chilko.",-0.412166415274393,-0.0302769276051996,0.108250282321781,0.297041835843477,0.444290049642586,0.670721355151458,"ven","Chilko"
"423","b.load_std.Stock.E.Stuart.",-0.324507203273588,0.0180118950174249,0.184006121275098,0.363173708665601,0.510414560010255,0.731338606675748,"ven","E.Stuart"
"424","b.load_std.Stock.Fennell.",-0.314765323275355,0.0399652859554007,0.18977826418313,0.373387302178223,0.52609013855321,0.751475657630574,"ven","Fennell"
"425","b.load_std.Stock.Gates.",-0.358521730404762,0.014224992453809,0.162287250656961,0.335269144205076,0.482108390806774,0.71265586204673,"ven","Gates"
"426","b.load_std.Stock.Harrison.",-0.347721025714723,0.0170635356708398,0.177199058082464,0.352240890210694,0.504328972770276,0.732460072745762,"ven","Harrison"
"427","b.load_std.Stock.L.Shuswap.",-0.284622077355929,0.0701350441819864,0.2099575951274,0.39861121789151,0.549966702703033,0.783730355942525,"ven","L.Shuswap"
"428","b.load_std.Stock.L.Stuart.",-0.371714108898695,-0.0166672459563514,0.12874748504601,0.303765535326561,0.4578680978863,0.680409537557145,"ven","L.Stuart"
"429","b.load_std.Stock.Nadina.",-0.39947060809739,-0.00221805817984323,0.145208566506903,0.324946784646247,0.458665402471741,0.683995659992813,"ven","Nadina"
"430","b.load_std.Stock.Pitt.",-0.348079497887888,0.0306681837377985,0.164770018429404,0.349729875138292,0.496413928998489,0.726143970199109,"ven","Pitt"
"431","b.load_std.Stock.Portage.",-0.387619205540293,-0.0171129415918441,0.126901099654941,0.302947684620774,0.457152493980465,0.691284774020184,"ven","Portage"
"432","b.load_std.Stock.Quesnel.",-0.404483052302439,-0.0415394258764835,0.10331172435901,0.272496534644227,0.442495932382008,0.661097241991078,"ven","Quesnel"
"433","b.load_std.Stock.Raft.",-0.388170289395055,-0.0076291729769735,0.139323028513737,0.311338924345849,0.456603345643724,0.695556619268865,"ven","Raft"
"434","b.load_std.Stock.Scotch.",-0.322275712893523,0.0468619663171285,0.189429052552837,0.36363351250839,0.512745291364308,0.743056515096553,"ven","Scotch"
"435","b.load_std.Stock.Seymour.",-0.360344850452307,0.00674246097689337,0.14127804124703,0.32099070824195,0.473897829209777,0.70391898627723,"ven","Seymour"
"436","b.load_std.Stock.Stellako.",-0.383690387160587,-0.0247334764798115,0.117592583986038,0.29859172669977,0.448515424306539,0.665834442980706,"ven","Stellako"
"437","b.load_std.Stock.Weaver.",-0.308928068792404,0.0595777416949349,0.200161166079299,0.377539636382979,0.526225296502365,0.761705196942105,"ven","Weaver"
