"","2.5","25","50","75","97.5","agent"
"prev_std","-1.0060189296252","-0.411818912290604","-0.203845417633039","0.0386608453506143","0.567093553838835","arena2"
"b.prev_std.Stock.Birkenhead.","-1.09286088504026","-0.49378393784269","-0.244715819023631","-0.000945325811127812","0.514105067244313","arena2"
"b.prev_std.Stock.Bowron.","-1.01904379173017","-0.410373548929054","-0.166939372569804","0.0744463194773771","0.57647747824084","arena2"
"b.prev_std.Stock.Chilko.","-1.07166665616309","-0.446888165524366","-0.188977182419112","0.0675758341565774","0.598602928296742","arena2"
"b.prev_std.Stock.E.Stuart.","-1.02010160596501","-0.393003513354691","-0.159226673120641","0.0820017161818373","0.607522650014012","arena2"
"b.prev_std.Stock.Fennell.","-0.935224850180548","-0.3772834521937","-0.130843232077555","0.110233951827514","0.654258045314552","arena2"
"b.prev_std.Stock.Gates.","-1.1779926177517","-0.554736916559942","-0.287116068599198","-0.0281948092619166","0.485172743791671","arena2"
"b.prev_std.Stock.Harrison.","-1.2598869897686","-0.567718388842623","-0.304965705606692","-0.0328615181507142","0.469820712604467","arena2"
"b.prev_std.Stock.L.Shuswap.","-1.11552835639879","-0.449391048239051","-0.205697983058019","0.0406362705604723","0.560685975949747","arena2"
"b.prev_std.Stock.L.Stuart.","-0.977087779636461","-0.369330216475854","-0.127712784135987","0.123192433387579","0.664100819410267","arena2"
"b.prev_std.Stock.Nadina.","-0.97117704149262","-0.378650931817493","-0.128217268352899","0.127338247897475","0.659929331334329","arena2"
"b.prev_std.Stock.Pitt.","-1.33404260272125","-0.68280461415126","-0.396950947163732","-0.116675079164562","0.399558913962065","arena2"
"b.prev_std.Stock.Portage.","-0.915325970944805","-0.337246366496347","-0.0967834780130802","0.148792448358835","0.678484692894368","arena2"
"b.prev_std.Stock.Quesnel.","-1.02058105434116","-0.383588135792325","-0.14356177816727","0.0930724986767486","0.634561435630202","arena2"
"b.prev_std.Stock.Raft.","-1.06689605258015","-0.469703327118545","-0.210991946677738","0.0368151309233316","0.533784306774239","arena2"
"b.prev_std.Stock.Scotch.","-1.07124551884083","-0.431565966380682","-0.175265598130846","0.0739570971374306","0.598514205916422","arena2"
"b.prev_std.Stock.Seymour.","-0.95743467391394","-0.368001235869494","-0.115874551425232","0.134467608088441","0.690209525394864","arena2"
"b.prev_std.Stock.Stellako.","-0.964726307710689","-0.400599334470016","-0.161358403901346","0.0873370364556322","0.655892281328386","arena2"
"b.prev_std.Stock.Weaver.","-1.04305967428414","-0.431119027105332","-0.184605606259819","0.053916605118577","0.585945586791784","arena2"
"prev_std","-0.961548609131805","-0.479501956134976","-0.250859463300503","-0.0203037901127246","0.464427985018921","c_b_cys"
"b.prev_std.Stock.Birkenhead.","-1.11153873583655","-0.600497757428694","-0.330277153523274","-0.0635936342925319","0.474100856133586","c_b_cys"
"b.prev_std.Stock.Bowron.","-0.981014954099309","-0.421831231873743","-0.172455661350271","0.0979428329103387","0.625385875327497","c_b_cys"
"b.prev_std.Stock.Chilko.","-0.94491768612553","-0.386012223274742","-0.130447505706302","0.145038129067411","0.750841525806764","c_b_cys"
"b.prev_std.Stock.E.Stuart.","-1.04580478897045","-0.506371129353856","-0.26001341070443","0.00251532489597108","0.568606247715786","c_b_cys"
"b.prev_std.Stock.Fennell.","-1.07196422145935","-0.538579952335396","-0.274308013494057","-0.00409343103846685","0.527643134916046","c_b_cys"
"b.prev_std.Stock.Gates.","-1.18465755778573","-0.625361118250468","-0.352502852597763","-0.0824632827464496","0.431750042256376","c_b_cys"
"b.prev_std.Stock.Harrison.","-1.08495878192765","-0.539005387691769","-0.275268937932741","-0.00486598765115243","0.502197693157021","c_b_cys"
"b.prev_std.Stock.L.Shuswap.","-1.33589018126714","-0.708830321161478","-0.410782632302427","-0.151663363139134","0.390053889511037","c_b_cys"
"b.prev_std.Stock.L.Stuart.","-0.951720303914275","-0.398380119601023","-0.143719251439832","0.107865419394276","0.712133962346858","c_b_cys"
"b.prev_std.Stock.Nadina.","-0.949641974419137","-0.424527213780717","-0.192672251785085","0.0689602999658234","0.649994675336336","c_b_cys"
"b.prev_std.Stock.Pitt.","-1.16404620435808","-0.596676327715505","-0.346584803911464","-0.0830654483381305","0.440267192840763","c_b_cys"
"b.prev_std.Stock.Portage.","-0.938892640358928","-0.430066441933323","-0.173386347449668","0.0889414596018452","0.651530526169523","c_b_cys"
"b.prev_std.Stock.Quesnel.","-0.910962386812653","-0.402749221113284","-0.144807225246197","0.109318678696169","0.689068210840939","c_b_cys"
"b.prev_std.Stock.Raft.","-0.93426659296052","-0.416583470812909","-0.177449577904627","0.0877719913187437","0.656656452042915","c_b_cys"
"b.prev_std.Stock.Scotch.","-1.06948370636589","-0.589750720874033","-0.316469146837363","-0.0545101660874637","0.483600777618759","c_b_cys"
"b.prev_std.Stock.Seymour.","-0.950109037173286","-0.450258648418172","-0.19387467883439","0.0708111732503937","0.622193351824474","c_b_cys"
"b.prev_std.Stock.Stellako.","-0.899917389835328","-0.368842535460514","-0.11349946188296","0.154410114980698","0.691962167951755","c_b_cys"
"b.prev_std.Stock.Weaver.","-1.27190508940138","-0.689339436352499","-0.417425928638451","-0.138701411713107","0.382407994915687","c_b_cys"
"prev_std","-0.502045000734571","-0.0057485141397911","0.213323102039255","0.425037461069003","0.888683601957186","ce_sha"
"b.prev_std.Stock.Birkenhead.","-0.548966993955217","-0.0150773680851358","0.219050875471682","0.436493533267691","0.937509999427329","ce_sha"
"b.prev_std.Stock.Bowron.","-0.584727933435874","-0.0624282856886279","0.162471683019697","0.397808832220335","0.880133643845952","ce_sha"
"b.prev_std.Stock.Chilko.","-0.557702420529198","-0.0668177616628359","0.166277344215749","0.397875232751774","0.898181674215405","ce_sha"
"b.prev_std.Stock.E.Stuart.","-0.522466991982385","0.00199520217453245","0.227708158660722","0.456443515708382","0.949167616632563","ce_sha"
"b.prev_std.Stock.Fennell.","-0.505137766033194","0.0108317334628396","0.238111079563456","0.487906090076881","0.990264602580957","ce_sha"
"b.prev_std.Stock.Gates.","-0.504119587888484","-0.00294502791012084","0.226466116828268","0.443713882989548","0.957014777103636","ce_sha"
"b.prev_std.Stock.Harrison.","-0.529776040280976","-0.00104155562265463","0.225994614138138","0.460503485445081","0.92656254856236","ce_sha"
"b.prev_std.Stock.L.Shuswap.","-0.490917819251783","0.0349901927172021","0.273199859000962","0.508047964149256","1.03319706325739","ce_sha"
"b.prev_std.Stock.L.Stuart.","-0.543138406735492","-0.0469098121542964","0.192768442328662","0.408784968694821","0.902405186315339","ce_sha"
"b.prev_std.Stock.Nadina.","-0.545303089949675","-0.0360864129369482","0.197664567730195","0.436201866294171","0.912945171172509","ce_sha"
"b.prev_std.Stock.Pitt.","-0.539391360741691","-0.00110391160220284","0.226092493528181","0.462211813684009","0.978169710771564","ce_sha"
"b.prev_std.Stock.Portage.","-0.569195912149089","-0.0379929433281375","0.179792267616122","0.416566125923673","0.892528512939364","ce_sha"
"b.prev_std.Stock.Quesnel.","-0.560054234243748","-0.0720227304416521","0.153614876763787","0.384786852657222","0.876370998104681","ce_sha"
"b.prev_std.Stock.Raft.","-0.543328483998109","-0.0530592149029663","0.189907308022801","0.408002663509722","0.909448042238769","ce_sha"
"b.prev_std.Stock.Scotch.","-0.49507577031968","0.0166030181934614","0.240707556618603","0.470920484560562","0.994445751188984","ce_sha"
"b.prev_std.Stock.Seymour.","-0.540318512162104","-0.0268060676108758","0.208793201467665","0.434923197807616","0.903633105279408","ce_sha"
"b.prev_std.Stock.Stellako.","-0.570517992659862","-0.0416259635692019","0.18242570724058","0.411831783635487","0.892222926082521","ce_sha"
"b.prev_std.Stock.Weaver.","-0.481757333513766","0.0427636802579941","0.268535661135294","0.488501853439337","1.0218652338066","ce_sha"
"prev_std","-0.475414895655892","0.0459596204122612","0.261281388885912","0.476251600317546","0.948376593298616","de_sal"
"b.prev_std.Stock.Birkenhead.","-0.60474744577649","-0.0544179845255878","0.190108881567332","0.425777561624971","0.921742966472748","de_sal"
"b.prev_std.Stock.Bowron.","-0.513141212160307","0.00765062289087822","0.246643297017553","0.478282691252193","0.98804796526547","de_sal"
"b.prev_std.Stock.Chilko.","-0.511197682340935","0.0214939430016079","0.240721598345707","0.485250645123803","0.991681993816265","de_sal"
"b.prev_std.Stock.E.Stuart.","-0.483410477564315","0.0320954650802916","0.27181514355043","0.498396252672752","0.994223517395489","de_sal"
"b.prev_std.Stock.Fennell.","-0.467081128213369","0.0943016355122421","0.323449540978747","0.563386358144158","1.10149754379689","de_sal"
"b.prev_std.Stock.Gates.","-0.610600535403058","-0.0780640004826212","0.175188897820537","0.406400441275379","0.906355214758297","de_sal"
"b.prev_std.Stock.Harrison.","-0.518538353255615","0.0161487804745926","0.259300697447817","0.492018559580335","1.00735753679598","de_sal"
"b.prev_std.Stock.L.Shuswap.","-0.45403188338472","0.0792313898000147","0.308885290398048","0.543472964503623","1.06158665434151","de_sal"
"b.prev_std.Stock.L.Stuart.","-0.500308870488833","0.0165677356956673","0.259830955601192","0.475610085789394","0.964826453655634","de_sal"
"b.prev_std.Stock.Nadina.","-0.456319369725402","0.0644121764212815","0.289452060284079","0.529144772051494","1.06648321025891","de_sal"
"b.prev_std.Stock.Pitt.","-0.599265580659946","-0.0775251493662944","0.174963080100295","0.395944218919839","0.913283964329893","de_sal"
"b.prev_std.Stock.Portage.","-0.45358775206486","0.0661848030963557","0.301325459804088","0.529375942112222","1.05496373290435","de_sal"
"b.prev_std.Stock.Quesnel.","-0.535076625520161","0.0186159299379562","0.241941252853257","0.486238878650752","0.973488783909578","de_sal"
"b.prev_std.Stock.Raft.","-0.516071824348176","0.0050769434562963","0.258511996240529","0.480972156901675","1.00344755710869","de_sal"
"b.prev_std.Stock.Scotch.","-0.433030334752982","0.0588122939428605","0.286775666452471","0.520119171944285","1.0550234117609","de_sal"
"b.prev_std.Stock.Seymour.","-0.488592578248423","0.0605914366826302","0.290895779950913","0.532685221107693","1.04777028510527","de_sal"
"b.prev_std.Stock.Stellako.","-0.520713892913795","0.0482432628394501","0.279279173740461","0.519870246858401","1.03311744959494","de_sal"
"b.prev_std.Stock.Weaver.","-0.49613886660575","0.0470683160200349","0.282857511831898","0.530377827714728","1.04897660105206","de_sal"
"prev_std","-0.984786844636659","-0.402205246051672","-0.166136605122838","0.0695635145660098","0.592399745191587","fa_mar"
"b.prev_std.Stock.Birkenhead.","-1.035665921136","-0.464071578089156","-0.19410392882741","0.0505714439757414","0.633199230475965","fa_mar"
"b.prev_std.Stock.Bowron.","-0.963295903958488","-0.370691977647707","-0.0973164415242991","0.164249893684904","0.722796776412313","fa_mar"
"b.prev_std.Stock.Chilko.","-1.01927652739888","-0.426453651546195","-0.170408656395031","0.0833016320993572","0.65471765055565","fa_mar"
"b.prev_std.Stock.E.Stuart.","-0.982562414476803","-0.399370809961939","-0.147489503747038","0.103360159536438","0.687079662788739","fa_mar"
"b.prev_std.Stock.Fennell.","-0.923280774315713","-0.345418407804702","-0.0747245243724627","0.196327954129109","0.746610763193139","fa_mar"
"b.prev_std.Stock.Gates.","-1.19604097932125","-0.594623700921369","-0.315957111289182","-0.0518299434880236","0.505536270257218","fa_mar"
"b.prev_std.Stock.Harrison.","-1.32164128461828","-0.64474644175845","-0.364043727572907","-0.0887393633277874","0.449070362148221","fa_mar"
"b.prev_std.Stock.L.Shuswap.","-1.06143629955991","-0.424142374437347","-0.152544228995541","0.109842054149664","0.669450953265974","fa_mar"
"b.prev_std.Stock.L.Stuart.","-0.950615730725664","-0.357740451269639","-0.103375527876929","0.169126037306297","0.746681680478709","fa_mar"
"b.prev_std.Stock.Nadina.","-0.986076572505462","-0.404561265379167","-0.145646979749476","0.126172562754696","0.674593314556408","fa_mar"
"b.prev_std.Stock.Pitt.","-1.37659075149816","-0.719013521939376","-0.411974784942237","-0.126635835972393","0.450548556496137","fa_mar"
"b.prev_std.Stock.Portage.","-0.870201340670785","-0.290292211323578","-0.0194294634837898","0.273997681173458","0.856311935363042","fa_mar"
"b.prev_std.Stock.Quesnel.","-0.954753461861252","-0.330039465761542","-0.0675915035605793","0.210002925173865","0.742842614717188","fa_mar"
"b.prev_std.Stock.Raft.","-0.998342720581514","-0.412474551320343","-0.172724554194393","0.0822925793011486","0.657436678261272","fa_mar"
"b.prev_std.Stock.Scotch.","-0.976855923693436","-0.412588703159303","-0.144920436191626","0.105165818888397","0.673268008871832","fa_mar"
"b.prev_std.Stock.Seymour.","-0.93479797083631","-0.310250636754284","-0.0526271259303073","0.203422013558446","0.794396378610965","fa_mar"
"b.prev_std.Stock.Stellako.","-1.00063250387533","-0.407551532422733","-0.136531531311496","0.124204255402221","0.673700740231192","fa_mar"
"b.prev_std.Stock.Weaver.","-1.02681783549893","-0.413143054942356","-0.142556283356714","0.122675528673989","0.700386882070087","fa_mar"
"prev_std","-1.00121662241447","-0.542163559732823","-0.335061040426429","-0.113561654676485","0.398157018363235","fl_psy"
"b.prev_std.Stock.Birkenhead.","-1.06860448453214","-0.576117894964763","-0.350133886477512","-0.119738146596091","0.410829487908582","fl_psy"
"b.prev_std.Stock.Bowron.","-1.00290974989874","-0.551602426162554","-0.334449138552717","-0.104812568252383","0.427673792814695","fl_psy"
"b.prev_std.Stock.Chilko.","-1.00704204121287","-0.547866078170472","-0.324929274065522","-0.0922615743568546","0.431622855592066","fl_psy"
"b.prev_std.Stock.E.Stuart.","-1.00023314503732","-0.519650692456064","-0.29201581728845","-0.0622738426853685","0.498949563098112","fl_psy"
"b.prev_std.Stock.Fennell.","-1.01837652173166","-0.523045546981602","-0.300115523603486","-0.0778751743818123","0.443559019636667","fl_psy"
"b.prev_std.Stock.Gates.","-1.07619319389103","-0.594836743525681","-0.36407848454199","-0.119848437262943","0.413773848486679","fl_psy"
"b.prev_std.Stock.Harrison.","-1.0708553463373","-0.595987119117775","-0.360722700895644","-0.130173082698492","0.400987163900011","fl_psy"
"b.prev_std.Stock.L.Shuswap.","-1.09140643475869","-0.59664846933481","-0.365039364316802","-0.139421078607638","0.393675607855287","fl_psy"
"b.prev_std.Stock.L.Stuart.","-0.980252662935045","-0.505401612347141","-0.281043267551969","-0.0442597204998196","0.494538692975252","fl_psy"
"b.prev_std.Stock.Nadina.","-0.975573276167574","-0.511797972832754","-0.285070780235158","-0.0525553963149136","0.488097158388482","fl_psy"
"b.prev_std.Stock.Pitt.","-1.16254861957777","-0.644661871510974","-0.41427044120732","-0.170000764788029","0.364571737101528","fl_psy"
"b.prev_std.Stock.Portage.","-0.999105566463928","-0.542984435571277","-0.322771361105556","-0.0890387093248457","0.432749295170614","fl_psy"
"b.prev_std.Stock.Quesnel.","-1.01769684237849","-0.545322084102206","-0.322928642656075","-0.0884310768752998","0.452262537708397","fl_psy"
"b.prev_std.Stock.Raft.","-1.03100739742804","-0.562283162545312","-0.338826750146262","-0.113712059609608","0.40655157568733","fl_psy"
"b.prev_std.Stock.Scotch.","-1.0525255698419","-0.56172072797336","-0.332234523031912","-0.10982134362241","0.426274837990125","fl_psy"
"b.prev_std.Stock.Seymour.","-1.00066659761361","-0.527159264568293","-0.30283151959295","-0.0709553204283905","0.461707844894075","fl_psy"
"b.prev_std.Stock.Stellako.","-0.990656183713806","-0.523694268243455","-0.31172788226184","-0.0831822414026616","0.45296484151477","fl_psy"
"b.prev_std.Stock.Weaver.","-1.03977395076873","-0.576536132945266","-0.349159819699981","-0.127809141068602","0.39935018878653","fl_psy"
"prev_std","-0.793423523175025","-0.278832091615964","-0.0628526262247932","0.17055888738254","0.675654065849703","ic_hof"
"b.prev_std.Stock.Birkenhead.","-0.765422320951978","-0.291952437289091","-0.0520972743147006","0.181026801415957","0.722706008653789","ic_hof"
"b.prev_std.Stock.Bowron.","-0.762273951246233","-0.248126959877362","-0.0152692830509939","0.229045090763285","0.757036674429228","ic_hof"
"b.prev_std.Stock.Chilko.","-0.782099754235328","-0.264852098857487","-0.0400072276761903","0.205055572794411","0.724820949462972","ic_hof"
"b.prev_std.Stock.E.Stuart.","-0.812670499657487","-0.280568231543815","-0.0440177534428499","0.202337358989432","0.722272349749495","ic_hof"
"b.prev_std.Stock.Fennell.","-0.856434253274113","-0.329686896216573","-0.0913247098041632","0.148142149289494","0.6568361835287","ic_hof"
"b.prev_std.Stock.Gates.","-0.841550871718881","-0.304427354026167","-0.0615977392496728","0.183477319815205","0.686843688419979","ic_hof"
"b.prev_std.Stock.Harrison.","-0.797042919374952","-0.296768095214881","-0.0588870610326812","0.196778837514938","0.676185593126989","ic_hof"
"b.prev_std.Stock.L.Shuswap.","-0.788488242127671","-0.264085186834918","-0.0305778328241906","0.211516606295458","0.75593035357821","ic_hof"
"b.prev_std.Stock.L.Stuart.","-0.838052443720036","-0.30772150399614","-0.0710405300576871","0.170751114463431","0.701456496651148","ic_hof"
"b.prev_std.Stock.Nadina.","-0.786385389081932","-0.271307425527526","-0.0370223203916217","0.219083006182926","0.742042131683085","ic_hof"
"b.prev_std.Stock.Pitt.","-0.828266008279632","-0.311116693276642","-0.0787854615640697","0.172383088234402","0.687228920536054","ic_hof"
"b.prev_std.Stock.Portage.","-0.804515093911616","-0.306956857954072","-0.0737890323561555","0.167667199262391","0.697280630104405","ic_hof"
"b.prev_std.Stock.Quesnel.","-0.763926037543143","-0.243201661617176","-0.0111105951001999","0.235522855662776","0.754772857115442","ic_hof"
"b.prev_std.Stock.Raft.","-0.815289973893185","-0.27361860584218","-0.0470558521905975","0.182507419145916","0.730428194057468","ic_hof"
"b.prev_std.Stock.Scotch.","-0.873599745391449","-0.311746357437882","-0.0852667806625406","0.148906758333015","0.685207358082062","ic_hof"
"b.prev_std.Stock.Seymour.","-0.826927578041921","-0.295479103498587","-0.0670080178229057","0.170889433337533","0.69747774442524","ic_hof"
"b.prev_std.Stock.Stellako.","-0.845886775741205","-0.358841690734506","-0.111682400621416","0.134680474827509","0.66325428826173","ic_hof"
"b.prev_std.Stock.Weaver.","-0.962164289331379","-0.390428286195601","-0.146582548432175","0.0954341605756534","0.650753448028166","ic_hof"
"prev_std","-1.16399445728384","-0.761912757835764","-0.591143576387802","-0.406896512207225","-0.00508081321607208","ic_mul"
"b.prev_std.Stock.Birkenhead.","-1.17196536989263","-0.734741754730133","-0.524020432763521","-0.306888058060084","0.19385065658747","ic_mul"
"b.prev_std.Stock.Bowron.","-1.23767759288626","-0.843463237719821","-0.638617542858042","-0.429277765472511","0.0177006151312929","ic_mul"
"b.prev_std.Stock.Chilko.","-1.18012943699369","-0.764274259804939","-0.542600531630835","-0.329220831774505","0.150842353549517","ic_mul"
"b.prev_std.Stock.E.Stuart.","-1.18403063333021","-0.749317965566185","-0.554856274743991","-0.352637019409266","0.115973148384845","ic_mul"
"b.prev_std.Stock.Fennell.","-1.34155829996875","-0.86441849793995","-0.664210188158844","-0.476510444491657","0.0085222260633645","ic_mul"
"b.prev_std.Stock.Gates.","-1.16306982262366","-0.727572139893182","-0.514078616163698","-0.294476045180342","0.220088504294724","ic_mul"
"b.prev_std.Stock.Harrison.","-1.18599100653194","-0.743499712543349","-0.535008669277945","-0.308481342464292","0.137199440199889","ic_mul"
"b.prev_std.Stock.L.Shuswap.","-1.43061681769925","-0.960565305364069","-0.723978722330163","-0.519089301532792","-0.035842320205241","ic_mul"
"b.prev_std.Stock.L.Stuart.","-1.14999681416266","-0.704775824101113","-0.500349475458116","-0.275611982200446","0.237195640958981","ic_mul"
"b.prev_std.Stock.Nadina.","-1.20531861264209","-0.791945723785711","-0.590794644397115","-0.365259176344812","0.0888162585680061","ic_mul"
"b.prev_std.Stock.Pitt.","-1.09011106389933","-0.656669562426122","-0.441734175683545","-0.206777002969309","0.316347449084298","ic_mul"
"b.prev_std.Stock.Portage.","-1.33602455655669","-0.899231312118532","-0.693165394505773","-0.486457409899054","-0.0233082535338287","ic_mul"
"b.prev_std.Stock.Quesnel.","-1.20378109804561","-0.781485534905848","-0.581372489813545","-0.37916433006687","0.119692819983833","ic_mul"
"b.prev_std.Stock.Raft.","-1.16172472078262","-0.737483316442147","-0.537947415093872","-0.33210968280567","0.174931902381892","ic_mul"
"b.prev_std.Stock.Scotch.","-1.2968441481078","-0.873947814270382","-0.664907393222152","-0.475677363862612","-0.038389380172488","ic_mul"
"b.prev_std.Stock.Seymour.","-1.33313437485877","-0.840827318389909","-0.646725930873927","-0.43571325837674","0.031494361044648","ic_mul"
"b.prev_std.Stock.Stellako.","-1.2512018552555","-0.81067379558319","-0.615662595876874","-0.409437703334783","0.0617136846860844","ic_mul"
"b.prev_std.Stock.Weaver.","-1.43244445082955","-0.933728882887311","-0.714896488743421","-0.514881772243765","-0.0378884973063787","ic_mul"
"prev_std","-0.607378733708962","-0.0976876135908847","0.148903486525177","0.386104121457284","0.97417743319267","ku_thy"
"b.prev_std.Stock.Birkenhead.","-0.621498527501336","-0.0997868082990884","0.157394044670633","0.408494306888216","0.991411863655887","ku_thy"
"b.prev_std.Stock.Bowron.","-0.616322200633947","-0.106773275022963","0.165499937010748","0.41093983833036","0.992912295559612","ku_thy"
"b.prev_std.Stock.Chilko.","-0.609090026184336","-0.114175791925566","0.133497042006822","0.397096687649714","0.954745931994489","ku_thy"
"b.prev_std.Stock.E.Stuart.","-0.649345970498758","-0.11575629605735","0.150052598832891","0.395235584888669","0.987484968141122","ku_thy"
"b.prev_std.Stock.Fennell.","-0.673868592270525","-0.137260483475856","0.120849389629539","0.37507880642985","0.966389739570395","ku_thy"
"b.prev_std.Stock.Gates.","-0.571324083820164","-0.0454112065156975","0.223594439577059","0.473984185152325","1.06589889108321","ku_thy"
"b.prev_std.Stock.Harrison.","-0.586925522125545","-0.0750062880481238","0.170868655350251","0.423756430268005","1.01576878235918","ku_thy"
"b.prev_std.Stock.L.Shuswap.","-0.604866620581523","-0.103572126351212","0.157812459631977","0.396699982790374","0.997360741516759","ku_thy"
"b.prev_std.Stock.L.Stuart.","-0.648414778230456","-0.129955501666422","0.128465024588926","0.368698428483355","0.971916646791795","ku_thy"
"b.prev_std.Stock.Nadina.","-0.599369418872889","-0.105025013850127","0.145528129458255","0.397584604423516","1.02112904778098","ku_thy"
"b.prev_std.Stock.Pitt.","-0.592326295346817","-0.0870729137592059","0.164206482571302","0.402041579257015","0.994541996924599","ku_thy"
"b.prev_std.Stock.Portage.","-0.658001873590288","-0.150335817039541","0.116806566403863","0.372482073633997","0.942101030413533","ku_thy"
"b.prev_std.Stock.Quesnel.","-0.668067313167102","-0.137922062519192","0.128499209725089","0.373114191611181","0.952270930560665","ku_thy"
"b.prev_std.Stock.Raft.","-0.656822196007785","-0.165067580090733","0.105476366692182","0.358754881083723","0.954338725044484","ku_thy"
"b.prev_std.Stock.Scotch.","-0.612135690097124","-0.0897820204267309","0.155469443329448","0.402942231683435","0.982313493627191","ku_thy"
"b.prev_std.Stock.Seymour.","-0.662639546116295","-0.130825657445356","0.124491890983977","0.381856491710104","0.975104158515092","ku_thy"
"b.prev_std.Stock.Stellako.","-0.636551893596665","-0.110935900597085","0.142379474189155","0.387027510743677","0.990009969982532","ku_thy"
"b.prev_std.Stock.Weaver.","-0.625875468613641","-0.100521606219271","0.171336521758469","0.407379611559874","1.0173817967984","ku_thy"
"prev_std","-0.829902517575532","-0.238262817947134","-0.0116860048007008","0.207791689029544","0.701290561695932","lo_sal"
"b.prev_std.Stock.Birkenhead.","-0.771242191512227","-0.188887725003261","0.0599301479788636","0.323264332526426","0.842142511665672","lo_sal"
"b.prev_std.Stock.Bowron.","-0.821424549442319","-0.226344746248134","0.0235106406205273","0.266041808402424","0.799955739189272","lo_sal"
"b.prev_std.Stock.Chilko.","-0.845665707710265","-0.277891513245686","-0.0365347408665465","0.206445836686743","0.702895115497667","lo_sal"
"b.prev_std.Stock.E.Stuart.","-0.866057027627275","-0.277537300563039","-0.0390096936591215","0.201067699833208","0.694482056154532","lo_sal"
"b.prev_std.Stock.Fennell.","-0.873826264744518","-0.260364081259155","-0.0158694444683873","0.224996107989822","0.736316503345394","lo_sal"
"b.prev_std.Stock.Gates.","-0.855520948944591","-0.284415371793006","-0.0471956325402917","0.200302455015167","0.706717564993927","lo_sal"
"b.prev_std.Stock.Harrison.","-0.894812525585033","-0.33027982860757","-0.0663948644996661","0.160212782925912","0.671486970980412","lo_sal"
"b.prev_std.Stock.L.Shuswap.","-0.727693720569669","-0.180376243191768","0.0633652727410227","0.320037804595039","0.916163490430124","lo_sal"
"b.prev_std.Stock.L.Stuart.","-0.900854664645613","-0.299387468010969","-0.0515640929464657","0.186378345649053","0.703720114845348","lo_sal"
"b.prev_std.Stock.Nadina.","-0.929280359422395","-0.335393339209493","-0.0973293507022292","0.151217485672179","0.667996032129338","lo_sal"
"b.prev_std.Stock.Pitt.","-0.799811515224193","-0.195387828316964","0.0384562582795178","0.28341121223935","0.806012855816177","lo_sal"
"b.prev_std.Stock.Portage.","-0.810771871120664","-0.222235558770969","0.0225944245749125","0.280969567673303","0.785781524669885","lo_sal"
"b.prev_std.Stock.Quesnel.","-0.80207924184693","-0.179833280770168","0.071015457086778","0.324010436959289","0.866083195547667","lo_sal"
"b.prev_std.Stock.Raft.","-0.818196462894537","-0.190413821678525","0.0465492503878158","0.293979030002032","0.866204940366535","lo_sal"
"b.prev_std.Stock.Scotch.","-0.832700826940424","-0.274920800265284","-0.0323558293609655","0.201970792301153","0.707106677015724","lo_sal"
"b.prev_std.Stock.Seymour.","-0.81234238116172","-0.251157688105563","-0.0161428064509176","0.222672917408877","0.72787319505335","lo_sal"
"b.prev_std.Stock.Stellako.","-0.94622862979715","-0.347520592246514","-0.0991837420870189","0.133206124137567","0.669481364137384","lo_sal"
"b.prev_std.Stock.Weaver.","-0.856598631752301","-0.262268634319263","-0.0169081928457472","0.211178535362728","0.760447998322251","lo_sal"
"prev_std","-0.873975160285346","-0.370065602922643","-0.142268869884998","0.0854227593954013","0.601636462791638","my_arc"
"b.prev_std.Stock.Birkenhead.","-0.904853858103551","-0.382846339526057","-0.137720509538427","0.0926639452729728","0.625226182257095","my_arc"
"b.prev_std.Stock.Bowron.","-0.909088562028252","-0.397717403251611","-0.154613889483881","0.0737958998701003","0.582597941793568","my_arc"
"b.prev_std.Stock.Chilko.","-0.901641426374822","-0.385094841519564","-0.1424362043235","0.100164401827584","0.621325585226423","my_arc"
"b.prev_std.Stock.E.Stuart.","-0.851171850547325","-0.348919279200885","-0.102838673187114","0.130322568834354","0.656226373438795","my_arc"
"b.prev_std.Stock.Fennell.","-0.88650290243434","-0.369938398799952","-0.131888696350604","0.106505511241674","0.620478799978735","my_arc"
"b.prev_std.Stock.Gates.","-0.930595528210442","-0.42207111595659","-0.175715774003569","0.0675258704216859","0.590547391231604","my_arc"
"b.prev_std.Stock.Harrison.","-0.905271578282957","-0.3840350766703","-0.132258915131671","0.0982054274905852","0.636045508010899","my_arc"
"b.prev_std.Stock.L.Shuswap.","-0.892629667220026","-0.390853146417416","-0.152589253096843","0.0832444435857655","0.587024881385814","my_arc"
"b.prev_std.Stock.L.Stuart.","-0.879596820662561","-0.367547849921018","-0.122448040560328","0.118469926342862","0.634485395504708","my_arc"
"b.prev_std.Stock.Nadina.","-0.893219026165149","-0.376588722910993","-0.127135830001263","0.113353812952738","0.643643397876422","my_arc"
"b.prev_std.Stock.Pitt.","-0.900660812971194","-0.379568410748523","-0.13666386305886","0.0956727933092397","0.603636026671542","my_arc"
"b.prev_std.Stock.Portage.","-0.901505105347773","-0.401469130017942","-0.156056387127636","0.0727682361550344","0.587535901692628","my_arc"
"b.prev_std.Stock.Quesnel.","-0.912958611551704","-0.406593417714888","-0.157756732896674","0.0875011461686584","0.588442103216415","my_arc"
"b.prev_std.Stock.Raft.","-0.882675113399096","-0.367751608339926","-0.122943631617473","0.117699933784661","0.643720615925108","my_arc"
"b.prev_std.Stock.Scotch.","-0.908053636146392","-0.378525324666352","-0.136718611918742","0.0969048634662695","0.631320008266291","my_arc"
"b.prev_std.Stock.Seymour.","-0.848346019823623","-0.373316597132294","-0.124297164387299","0.109819922611761","0.631110474548105","my_arc"
"b.prev_std.Stock.Stellako.","-0.893155592572546","-0.388636490471471","-0.150140761976208","0.0840196158669412","0.591644041693967","my_arc"
"b.prev_std.Stock.Weaver.","-0.917804087030641","-0.419305904472209","-0.170624969932086","0.0679338661235967","0.584309741069144","my_arc"
"prev_std","-1.09109179859282","-0.482808549722584","-0.239216263937567","-0.022211201642045","0.484493534937925","pa_kab"
"b.prev_std.Stock.Birkenhead.","-1.02886980625587","-0.39843349742142","-0.118792774131435","0.159999527032094","0.79645303186298","pa_kab"
"b.prev_std.Stock.Bowron.","-1.13096937142046","-0.455632251276858","-0.168006959722012","0.121196780263059","0.679883129486798","pa_kab"
"b.prev_std.Stock.Chilko.","-1.04710950544007","-0.363926816073344","-0.0754727426115556","0.20606575184157","0.780587986956126","pa_kab"
"b.prev_std.Stock.E.Stuart.","-1.05863061612223","-0.396806446381112","-0.0980899304891292","0.176231904273865","0.754509734122828","pa_kab"
"b.prev_std.Stock.Fennell.","-1.44587698346798","-0.786596725153362","-0.489178829866481","-0.210173261725333","0.353945375126272","pa_kab"
"b.prev_std.Stock.Gates.","-1.0083504393714","-0.425321522772954","-0.134931202143443","0.153614005719057","0.768386905948196","pa_kab"
"b.prev_std.Stock.Harrison.","-0.937336819164279","-0.329462824794484","-0.0436023738902899","0.256907909085182","0.860319112971023","pa_kab"
"b.prev_std.Stock.L.Shuswap.","-1.37438217964472","-0.689226730319433","-0.411697437639142","-0.146666395663567","0.41894843904725","pa_kab"
"b.prev_std.Stock.L.Stuart.","-1.14696133343026","-0.506784545048852","-0.22742274895131","0.0365039323699541","0.610177390726966","pa_kab"
"b.prev_std.Stock.Nadina.","-1.17806837605549","-0.487366961360905","-0.209487528169493","0.0597328946199305","0.666062858310044","pa_kab"
"b.prev_std.Stock.Pitt.","-0.815891140541792","-0.160950756004714","0.158203451890787","0.470819239163336","1.12491558832875","pa_kab"
"b.prev_std.Stock.Portage.","-1.45376569084923","-0.83248661242524","-0.540389443305866","-0.265792209628967","0.333845371550802","pa_kab"
"b.prev_std.Stock.Quesnel.","-1.0925257607502","-0.507605807631341","-0.223467560384048","0.0637293310000519","0.679187444272404","pa_kab"
"b.prev_std.Stock.Raft.","-0.957687381671777","-0.328754703519278","-0.0639038378285132","0.235071837958641","0.846865829908913","pa_kab"
"b.prev_std.Stock.Scotch.","-1.36037945806722","-0.726157495867727","-0.449050029545409","-0.169158709783401","0.402321051673715","pa_kab"
"b.prev_std.Stock.Seymour.","-1.27147328828953","-0.635200995325157","-0.356070130810397","-0.0899508831318733","0.479771438939819","pa_kab"
"b.prev_std.Stock.Stellako.","-1.24731233460149","-0.657284120831894","-0.381033897226514","-0.108943024420176","0.453294807585561","pa_kab"
"b.prev_std.Stock.Weaver.","-1.77625292620464","-1.11025197161415","-0.773798748203319","-0.471631466071773","0.139149182636758","pa_kab"
"prev_std","-1.06479992806348","-0.459617347512227","-0.2339644149681","-0.0129474632294709","0.548322747739628","pa_min"
"b.prev_std.Stock.Birkenhead.","-1.13092054996411","-0.479822744257278","-0.241375187851258","-0.00395925207471588","0.57510993826452","pa_min"
"b.prev_std.Stock.Bowron.","-1.16109330502628","-0.518624440044486","-0.273115870221954","-0.036856357384229","0.532064196337829","pa_min"
"b.prev_std.Stock.Chilko.","-1.11770741142942","-0.49265479104021","-0.248035362795305","-0.0195953053484","0.563698906698284","pa_min"
"b.prev_std.Stock.E.Stuart.","-1.1110420309829","-0.479035219705715","-0.238291807456399","-0.00929320674505406","0.559059071129756","pa_min"
"b.prev_std.Stock.Fennell.","-1.06005892583976","-0.467188297868505","-0.219911216247202","0.0192567296256143","0.581122358329373","pa_min"
"b.prev_std.Stock.Gates.","-1.09538340740417","-0.473044616000567","-0.224554498796869","0.0056597498938357","0.58575190382268","pa_min"
"b.prev_std.Stock.Harrison.","-1.11309851076245","-0.473946732733774","-0.233322117605371","0.00160886621726469","0.586623644127503","pa_min"
"b.prev_std.Stock.L.Shuswap.","-1.12777822827337","-0.479981888396097","-0.230660173295651","-0.00555650741697274","0.569705365642061","pa_min"
"b.prev_std.Stock.L.Stuart.","-1.05302909802698","-0.449586109556133","-0.209521055624033","0.0166927326964901","0.615178049743866","pa_min"
"b.prev_std.Stock.Nadina.","-1.09033587829883","-0.47426165777498","-0.237982488683518","-0.00879766766981153","0.577959185799501","pa_min"
"b.prev_std.Stock.Pitt.","-1.10699638571357","-0.48807766179326","-0.235364401153469","-0.0091860071508704","0.574555873104925","pa_min"
"b.prev_std.Stock.Portage.","-1.09786237164932","-0.456123364846443","-0.23221343756857","0.00145544224389015","0.56899643196308","pa_min"
"b.prev_std.Stock.Quesnel.","-1.09472740333969","-0.488781993136881","-0.242797150264362","-0.00902151355067139","0.592904793351968","pa_min"
"b.prev_std.Stock.Raft.","-1.12141817494253","-0.492133277532687","-0.256036207863316","-0.026903449417726","0.580824798369851","pa_min"
"b.prev_std.Stock.Scotch.","-1.05395959961484","-0.456802933299677","-0.232334666723859","0.00386484031576369","0.606564756653081","pa_min"
"b.prev_std.Stock.Seymour.","-1.09595815011379","-0.479333939924641","-0.240695720876433","-0.0152115091831634","0.551000876815687","pa_min"
"b.prev_std.Stock.Stellako.","-1.11027823532224","-0.477258938087766","-0.24135874470055","-0.0041153380880244","0.591978284362128","pa_min"
"b.prev_std.Stock.Weaver.","-1.06879555825547","-0.427898471574845","-0.194547783405723","0.0484845205885457","0.651816735637689","pa_min"
"prev_std","-0.461551311952495","-0.00468825242407858","0.210030086216052","0.424634524817032","0.932095016465626","pa_pse"
"b.prev_std.Stock.Birkenhead.","-0.491205006633592","-0.0307533906146978","0.201922128039975","0.421993229519021","0.957748254618741","pa_pse"
"b.prev_std.Stock.Bowron.","-0.458510298237414","0.00920041444930479","0.23534401900162","0.461722748300086","1.00498504866939","pa_pse"
"b.prev_std.Stock.Chilko.","-0.488731311575519","-0.0233816645159063","0.205402024753087","0.43545025889867","0.96244142400302","pa_pse"
"b.prev_std.Stock.E.Stuart.","-0.490867855102973","-0.0152534491832929","0.204715001399599","0.426307022370552","0.912579347343677","pa_pse"
"b.prev_std.Stock.Fennell.","-0.513528379306725","-0.0363505222428621","0.185362338241151","0.413941358809277","0.951135131237847","pa_pse"
"b.prev_std.Stock.Gates.","-0.46693508132672","0.0119075166232755","0.225768890093401","0.464114167941241","0.946506225472927","pa_pse"
"b.prev_std.Stock.Harrison.","-0.483921485877424","-0.0117730853199452","0.21125806935872","0.445842425033967","0.955833073625514","pa_pse"
"b.prev_std.Stock.L.Shuswap.","-0.481974412611996","-0.00186817597354163","0.23122926173426","0.452730759088362","0.974393390223801","pa_pse"
"b.prev_std.Stock.L.Stuart.","-0.488859331570447","-0.0485376819179295","0.192291776059198","0.413191183511929","0.932507797693842","pa_pse"
"b.prev_std.Stock.Nadina.","-0.471203351452308","-0.000964270779409908","0.226279921829942","0.446778395560791","0.970964870618795","pa_pse"
"b.prev_std.Stock.Pitt.","-0.534325653151716","-0.0518605158724543","0.192880324066489","0.401831343538773","0.923611320951767","pa_pse"
"b.prev_std.Stock.Portage.","-0.485629306822135","-0.0164024881791126","0.206247894500803","0.433395561180348","0.972025256755159","pa_pse"
"b.prev_std.Stock.Quesnel.","-0.472449231568373","-0.0217445279643631","0.212730223444013","0.446295211748202","0.980664453509814","pa_pse"
"b.prev_std.Stock.Raft.","-0.515726037508913","-0.0539948723910057","0.180945841755174","0.405559307432789","0.946694289825538","pa_pse"
"b.prev_std.Stock.Scotch.","-0.46677107295487","-0.0183838780676008","0.209598668676802","0.439038218005084","0.960371011060375","pa_pse"
"b.prev_std.Stock.Seymour.","-0.491624133762916","-0.0291392387465437","0.203440614684586","0.426386351639036","0.943510257193586","pa_pse"
"b.prev_std.Stock.Stellako.","-0.490838163330402","-0.0214534469848902","0.203154602503928","0.429349356009294","0.961257544148169","pa_pse"
"b.prev_std.Stock.Weaver.","-0.501849652621782","-0.0156956931606207","0.209076903141646","0.431921842472559","0.946830941078767","pa_pse"
"prev_std","-1.09921614420117","-0.647792489932814","-0.455090554386843","-0.271901179818324","0.151667554657719","pa_ther"
"b.prev_std.Stock.Birkenhead.","-1.10528473674378","-0.640843876816723","-0.450057690373955","-0.24966799941008","0.214882537370206","pa_ther"
"b.prev_std.Stock.Bowron.","-1.13198735576769","-0.66252849203043","-0.455100302087968","-0.258675537417101","0.197900709222053","pa_ther"
"b.prev_std.Stock.Chilko.","-1.10178757023407","-0.659938512568024","-0.450545084472635","-0.267635300212539","0.210452939870084","pa_ther"
"b.prev_std.Stock.E.Stuart.","-1.0810449924468","-0.644531356587286","-0.440283794889748","-0.24840772109354","0.228391031572069","pa_ther"
"b.prev_std.Stock.Fennell.","-1.13767713698016","-0.679395312046707","-0.472403321582047","-0.276926147700895","0.153625944110654","pa_ther"
"b.prev_std.Stock.Gates.","-1.08736383049324","-0.632448107822374","-0.426118894161766","-0.222668608918679","0.230687709970258","pa_ther"
"b.prev_std.Stock.Harrison.","-1.09664414662181","-0.66088848717607","-0.449622024437584","-0.262481434440046","0.187381018561816","pa_ther"
"b.prev_std.Stock.L.Shuswap.","-1.15206283970073","-0.67729539724269","-0.473265093058172","-0.276246878962387","0.186800198767312","pa_ther"
"b.prev_std.Stock.L.Stuart.","-1.09845779813201","-0.640694969917298","-0.430412179914185","-0.23457454793519","0.212187103471115","pa_ther"
"b.prev_std.Stock.Nadina.","-1.11784039474976","-0.634396895264774","-0.433144059962957","-0.236062948689048","0.220654870333228","pa_ther"
"b.prev_std.Stock.Pitt.","-1.12335764751797","-0.67751399195126","-0.473012810732657","-0.280969634852909","0.191201650455078","pa_ther"
"b.prev_std.Stock.Portage.","-1.13192354078857","-0.678601334975587","-0.478767082561439","-0.282891755353203","0.176140349511702","pa_ther"
"b.prev_std.Stock.Quesnel.","-1.09992860232799","-0.646904192194085","-0.447040483913392","-0.254009541446582","0.190545849345846","pa_ther"
"b.prev_std.Stock.Raft.","-1.14783796264729","-0.679111128566732","-0.472672384854335","-0.287348122959452","0.181793634910733","pa_ther"
"b.prev_std.Stock.Scotch.","-1.1421309819412","-0.674730124612995","-0.472865070895797","-0.283136167546428","0.164891372698844","pa_ther"
"b.prev_std.Stock.Seymour.","-1.14120850286656","-0.667216845700897","-0.464501584005443","-0.269884345903994","0.183681105773378","pa_ther"
"b.prev_std.Stock.Stellako.","-1.13995339269252","-0.672638323851169","-0.466725804772989","-0.278473093196869","0.193223743632965","pa_ther"
"b.prev_std.Stock.Weaver.","-1.14669182345194","-0.677893756401152","-0.480011435174976","-0.287310789586116","0.170499336745228","pa_ther"
"prev_std","-0.597445964260534","-0.0330862333495747","0.19639410234259","0.416076371004738","0.905404492192437","prv"
"b.prev_std.Stock.Birkenhead.","-0.62464532880919","-0.0476859899148825","0.188651780080377","0.415539466569647","0.927774858014208","prv"
"b.prev_std.Stock.Bowron.","-0.608006490284478","-0.0748539309262163","0.170919358075596","0.408539495241003","0.905362968518685","prv"
"b.prev_std.Stock.Chilko.","-0.612518058906273","-0.0445964918207902","0.194749860913168","0.429788151505809","0.956931346724364","prv"
"b.prev_std.Stock.E.Stuart.","-0.585213536294497","-0.0128036137143065","0.222057662076268","0.453618923753632","1.00726757214634","prv"
"b.prev_std.Stock.Fennell.","-0.596391594797956","-0.0418232561915528","0.197195417077124","0.435677691417563","0.950997602623459","prv"
"b.prev_std.Stock.Gates.","-0.625176381059834","-0.0466334422164906","0.192666431750249","0.428924394658607","0.951701913318088","prv"
"b.prev_std.Stock.Harrison.","-0.557537068139848","0.00275076042742009","0.252918635042848","0.491611871621089","1.0170271550007","prv"
"b.prev_std.Stock.L.Shuswap.","-0.576731239181281","-0.0229708955052443","0.227537916157064","0.448302204040012","0.993082759545009","prv"
"b.prev_std.Stock.L.Stuart.","-0.654537227045991","-0.0606162202211248","0.192338330964436","0.415985091706247","0.925808270961993","prv"
"b.prev_std.Stock.Nadina.","-0.588316421523183","-0.0215388811670166","0.2100153575579","0.446810298410815","0.963789424732028","prv"
"b.prev_std.Stock.Pitt.","-0.575248663572203","-0.0081222525570908","0.228724924615703","0.462921997327879","1.02412723306209","prv"
"b.prev_std.Stock.Portage.","-0.665502682971158","-0.105437453733185","0.161924693052899","0.375158571869497","0.892244373163714","prv"
"b.prev_std.Stock.Quesnel.","-0.678943675032428","-0.105424547195953","0.151230244861804","0.395979554635738","0.904100050929998","prv"
"b.prev_std.Stock.Raft.","-0.604289367834119","-0.0372336423221654","0.206545778364935","0.426466635684997","0.970542140782272","prv"
"b.prev_std.Stock.Scotch.","-0.609720860258608","-0.0344832166308223","0.201299158478739","0.427373573805598","0.945068511111237","prv"
"b.prev_std.Stock.Seymour.","-0.624312119553831","-0.0539277619171726","0.183586457020393","0.416132647004592","0.931974865753224","prv"
"b.prev_std.Stock.Stellako.","-0.633344118940256","-0.0644006258303866","0.182414912040113","0.398032289974231","0.916774472596649","prv"
"b.prev_std.Stock.Weaver.","-0.65926317559648","-0.0794169177589042","0.165051846250614","0.396899825787679","0.926560753618176","prv"
"prev_std","-0.487516766006465","0.00647004186796495","0.229436827868529","0.473743382379807","1.00727185423799","pspv"
"b.prev_std.Stock.Birkenhead.","-0.503612321448155","0.00645735134415578","0.248545920961623","0.482581470761287","1.06475758748097","pspv"
"b.prev_std.Stock.Bowron.","-0.52234895711571","-0.0186875942897412","0.21627015509694","0.461762605177434","1.01865853780889","pspv"
"b.prev_std.Stock.Chilko.","-0.54743348239304","-0.0271998282501862","0.222609683076279","0.467767422063877","1.00029137614836","pspv"
"b.prev_std.Stock.E.Stuart.","-0.454793589020534","0.0517399428970809","0.272444214177181","0.518380765242278","1.11775185054386","pspv"
"b.prev_std.Stock.Fennell.","-0.496381745618609","0.0118885859081974","0.245002446602635","0.489118656860308","1.06630356722439","pspv"
"b.prev_std.Stock.Gates.","-0.55733307714254","-0.0144943865923478","0.221323814206656","0.468891824117109","1.03752005286318","pspv"
"b.prev_std.Stock.Harrison.","-0.498958495326874","0.00789565754601078","0.22984277466512","0.48960433078662","1.04224625230608","pspv"
"b.prev_std.Stock.L.Shuswap.","-0.503139412370764","0.0294721952780909","0.257364171509811","0.5080158149835","1.06183116895776","pspv"
"b.prev_std.Stock.L.Stuart.","-0.533107906491406","-0.0109763370008254","0.213034156778884","0.467738364692998","1.01959581375907","pspv"
"b.prev_std.Stock.Nadina.","-0.523000936279076","0.000743069118755963","0.231914217832377","0.479518762794368","1.023523668123","pspv"
"b.prev_std.Stock.Pitt.","-0.512306597278133","0.0179930465629265","0.258592428658877","0.48703330696196","1.06285246509176","pspv"
"b.prev_std.Stock.Portage.","-0.570410088050296","-0.0474072347327771","0.191309215148742","0.437380597727924","0.993817752511507","pspv"
"b.prev_std.Stock.Quesnel.","-0.589691712606315","-0.0607031682979513","0.177634977553222","0.431076000134414","1.00208450265272","pspv"
"b.prev_std.Stock.Raft.","-0.536710121035682","-0.00713883141096241","0.23298729473175","0.476348565943762","1.00747208546286","pspv"
"b.prev_std.Stock.Scotch.","-0.500587960591323","0.0187404406712187","0.253678432550987","0.497193288239009","1.0704036797301","pspv"
"b.prev_std.Stock.Seymour.","-0.501959192896082","0.00943167790121091","0.241837874208467","0.494203785103196","1.04641495296538","pspv"
"b.prev_std.Stock.Stellako.","-0.549817598031735","-0.0269299930674482","0.208837310263609","0.457551120220225","1.01930805016059","pspv"
"b.prev_std.Stock.Weaver.","-0.523457264519877","-0.0252305551278296","0.207526308250157","0.45840375034545","1.01701224715947","pspv"
"prev_std","-0.600806100863992","-0.102748607727684","0.119444824018741","0.358102290785569","0.91660784049447","rlo"
"b.prev_std.Stock.Birkenhead.","-0.57581724336876","-0.106445677106279","0.133194195818175","0.377425494321612","0.970525260518401","rlo"
"b.prev_std.Stock.Bowron.","-0.657986506970485","-0.160964837073223","0.075065156323868","0.331978470683504","0.90146806737252","rlo"
"b.prev_std.Stock.Chilko.","-0.69839936332296","-0.153790288564128","0.0772405980733495","0.316279205734421","0.870211366832012","rlo"
"b.prev_std.Stock.E.Stuart.","-0.600899653950167","-0.0964718217523405","0.132540354869439","0.381775512274838","0.95870466636089","rlo"
"b.prev_std.Stock.Fennell.","-0.591399502663975","-0.0561410580074797","0.180645993602048","0.422843515335596","0.971954963021402","rlo"
"b.prev_std.Stock.Gates.","-0.649432303793759","-0.140568945401804","0.105853276412339","0.347846583295324","0.906942834427918","rlo"
"b.prev_std.Stock.Harrison.","-0.636794268615178","-0.138210015147353","0.101074316191963","0.342040764338262","0.932944676544977","rlo"
"b.prev_std.Stock.L.Shuswap.","-0.575100720819564","-0.0761234856280617","0.156512322068062","0.396941917961756","0.969011539597311","rlo"
"b.prev_std.Stock.L.Stuart.","-0.620448010453828","-0.12004429120419","0.120289835556113","0.36062112940929","0.907804236286313","rlo"
"b.prev_std.Stock.Nadina.","-0.618385327330285","-0.128875622999971","0.100814119484336","0.345959768721718","0.894890174317574","rlo"
"b.prev_std.Stock.Pitt.","-0.625932946613643","-0.120978807846186","0.10855750837236","0.35939171005276","0.903050237733651","rlo"
"b.prev_std.Stock.Portage.","-0.622349299958659","-0.112147939680037","0.121876265330046","0.36789909800019","0.914706054486358","rlo"
"b.prev_std.Stock.Quesnel.","-0.680986005642501","-0.164778030756453","0.0843000504721902","0.327680378905018","0.879324140630435","rlo"
"b.prev_std.Stock.Raft.","-0.649577481929864","-0.12380996968129","0.102574998090815","0.334902039075315","0.916511009221505","rlo"
"b.prev_std.Stock.Scotch.","-0.592173716982084","-0.0769696835624132","0.151035591697904","0.402585222196628","0.992525561432365","rlo"
"b.prev_std.Stock.Seymour.","-0.605267161092169","-0.0915762208983182","0.132123689415202","0.372261724802337","0.926375678337652","rlo"
"b.prev_std.Stock.Stellako.","-0.615194050181384","-0.130680678303484","0.0964514014025494","0.345325950049061","0.927559707741727","rlo"
"b.prev_std.Stock.Weaver.","-0.533555157074534","-0.0542490022233284","0.190295388867553","0.436880371498667","0.989663869182633","rlo"
"prev_std","-0.957739032472825","-0.53041649506208","-0.322801936704416","-0.122626456946045","0.345770161190184","sch"
"b.prev_std.Stock.Birkenhead.","-1.01194415803436","-0.537546536567932","-0.309673780083637","-0.0925557707702821","0.395021477244413","sch"
"b.prev_std.Stock.Bowron.","-1.05271219622759","-0.569911784430738","-0.337633132478889","-0.109853171102272","0.36573051110907","sch"
"b.prev_std.Stock.Chilko.","-0.972673903833916","-0.535952115698732","-0.305123537916186","-0.0826184496223199","0.401895275324642","sch"
"b.prev_std.Stock.E.Stuart.","-0.977727617823175","-0.49347302192137","-0.271886999293883","-0.0282979079985286","0.484344774569882","sch"
"b.prev_std.Stock.Fennell.","-1.02839673719406","-0.561534342677638","-0.318901327330051","-0.0965854766732221","0.369690052245243","sch"
"b.prev_std.Stock.Gates.","-1.00774633659031","-0.535018456312071","-0.314409149681762","-0.0842095862374757","0.415474172776937","sch"
"b.prev_std.Stock.Harrison.","-1.0414609740001","-0.554710537450869","-0.322662167469953","-0.100218979423806","0.382805888643973","sch"
"b.prev_std.Stock.L.Shuswap.","-1.19946365060697","-0.67182813783889","-0.417833155242507","-0.190820117264301","0.286052820722844","sch"
"b.prev_std.Stock.L.Stuart.","-0.947335190024376","-0.487426404357175","-0.25497179111711","-0.0268789975030917","0.483436998910727","sch"
"b.prev_std.Stock.Nadina.","-0.987674257120716","-0.537739167036139","-0.30152555599377","-0.08071472704947","0.378899452780633","sch"
"b.prev_std.Stock.Pitt.","-0.976492057467857","-0.540257619657158","-0.304324126338472","-0.0896289044427051","0.386921713133213","sch"
"b.prev_std.Stock.Portage.","-1.09119922608656","-0.586187121708131","-0.352920914452876","-0.126988823778164","0.329377896420518","sch"
"b.prev_std.Stock.Quesnel.","-1.0926498163709","-0.603686454109823","-0.370452678131624","-0.155528200300291","0.323263237052511","sch"
"b.prev_std.Stock.Raft.","-1.01507076350397","-0.536050794126432","-0.313464733181296","-0.106946771674969","0.367417383935219","sch"
"b.prev_std.Stock.Scotch.","-1.02172253669562","-0.544438648615973","-0.327296572079974","-0.0994214336085292","0.40297222218633","sch"
"b.prev_std.Stock.Seymour.","-0.991189312422164","-0.521827352279439","-0.291651653688193","-0.0498438881743317","0.456315576117768","sch"
"b.prev_std.Stock.Stellako.","-0.96133101053328","-0.512078316730211","-0.276931373291432","-0.0491663822626334","0.458138504706931","sch"
"b.prev_std.Stock.Weaver.","-1.11638546332327","-0.586150343847841","-0.358074009817924","-0.142371460262441","0.331876267841262","sch"
"prev_std","-0.568283475913241","-0.0760896556108119","0.138196553126106","0.369626551486058","0.943581595126185","sp_des"
"b.prev_std.Stock.Birkenhead.","-0.586232127134254","-0.0896272470776282","0.146520279765079","0.384099779291714","0.96875333558925","sp_des"
"b.prev_std.Stock.Bowron.","-0.562362794574142","-0.0580235489204905","0.174991459120122","0.419594570357173","0.985855853229316","sp_des"
"b.prev_std.Stock.Chilko.","-0.605104951381276","-0.0990678936122583","0.127904889919219","0.37405852845977","0.998541500366272","sp_des"
"b.prev_std.Stock.E.Stuart.","-0.592911584896027","-0.0857727481362148","0.129692636158444","0.374967105183512","0.965082913580018","sp_des"
"b.prev_std.Stock.Fennell.","-0.620145356541507","-0.0920236815947764","0.137327556934228","0.37250193490218","0.989246388272754","sp_des"
"b.prev_std.Stock.Gates.","-0.613422549653289","-0.0674198235102008","0.144680205487592","0.392678225453171","1.01630080732705","sp_des"
"b.prev_std.Stock.Harrison.","-0.625700347836236","-0.11804652693649","0.108731881844755","0.342305398903259","0.927719265908298","sp_des"
"b.prev_std.Stock.L.Shuswap.","-0.566504623423612","-0.0678986683425924","0.16043650566546","0.399594314671837","1.00476815913087","sp_des"
"b.prev_std.Stock.L.Stuart.","-0.610152364663885","-0.0940117563844691","0.119227774038086","0.359050882473833","0.954342460629606","sp_des"
"b.prev_std.Stock.Nadina.","-0.584732106974123","-0.0788825619478986","0.142213569367303","0.380052978409526","0.971829331904683","sp_des"
"b.prev_std.Stock.Pitt.","-0.676802866982105","-0.127527728851647","0.0889853519461092","0.339499557819802","0.954191558929939","sp_des"
"b.prev_std.Stock.Portage.","-0.583404098439391","-0.0688165556608125","0.151362679485545","0.389604254759955","0.974637400806422","sp_des"
"b.prev_std.Stock.Quesnel.","-0.585234601190929","-0.0729086040144158","0.150988480804909","0.393133469539644","0.968036841592233","sp_des"
"b.prev_std.Stock.Raft.","-0.630459159350692","-0.114996354922442","0.116058884378285","0.366124207838944","0.945768850920607","sp_des"
"b.prev_std.Stock.Scotch.","-0.582410476872973","-0.0778801597743095","0.147790733569032","0.388142063470065","0.949811791194908","sp_des"
"b.prev_std.Stock.Seymour.","-0.581520650298284","-0.0706622218932509","0.142484353249487","0.390297639977","0.96064301402582","sp_des"
"b.prev_std.Stock.Stellako.","-0.593265553838192","-0.0993036473396834","0.127424231901969","0.37000653368428","0.978171309131406","sp_des"
"b.prev_std.Stock.Weaver.","-0.565061459720257","-0.0669298415417624","0.149846190853115","0.393584577178558","0.999491081325806","sp_des"
"prev_std","-1.07355286938851","-0.49767468854769","-0.276127341857307","-0.0692530166022908","0.413287248036624","te_bry"
"b.prev_std.Stock.Birkenhead.","-1.05448830600985","-0.478113484620163","-0.241122393002909","-0.013118429471819","0.508547901799692","te_bry"
"b.prev_std.Stock.Bowron.","-1.10454728351389","-0.516858045682187","-0.283117515033858","-0.0576020935370252","0.460826236879517","te_bry"
"b.prev_std.Stock.Chilko.","-1.0964100285343","-0.521427659624068","-0.285649353305673","-0.065417999477338","0.414790504559774","te_bry"
"b.prev_std.Stock.E.Stuart.","-1.11279573396787","-0.54493162677845","-0.298578951562366","-0.0809672455568843","0.420437892785335","te_bry"
"b.prev_std.Stock.Fennell.","-1.12550847336329","-0.536758186745575","-0.306327435673155","-0.0856916987903281","0.411907013283819","te_bry"
"b.prev_std.Stock.Gates.","-1.01364624909571","-0.446264790104096","-0.219375220928836","0.0101581680690346","0.54187869417268","te_bry"
"b.prev_std.Stock.Harrison.","-1.08630088210175","-0.524642285093413","-0.280007122699887","-0.050873620026409","0.439180229001676","te_bry"
"b.prev_std.Stock.L.Shuswap.","-1.08126260931193","-0.505871491220217","-0.270693157402697","-0.0496640354417465","0.465991120616122","te_bry"
"b.prev_std.Stock.L.Stuart.","-1.07117314375528","-0.496429850663999","-0.273357894828869","-0.0617752979874078","0.444896676485788","te_bry"
"b.prev_std.Stock.Nadina.","-1.0992340788285","-0.534648035324404","-0.293269404993836","-0.0726896942968667","0.472666300327642","te_bry"
"b.prev_std.Stock.Pitt.","-1.05873356218089","-0.508086966794122","-0.279544694454982","-0.0496638427373153","0.454712845460974","te_bry"
"b.prev_std.Stock.Portage.","-1.06927915484828","-0.503939111408694","-0.277247733060546","-0.0565190396031313","0.459732240318351","te_bry"
"b.prev_std.Stock.Quesnel.","-1.06262651776108","-0.484979345740314","-0.246633320046548","-0.0302808565731919","0.509713207377887","te_bry"
"b.prev_std.Stock.Raft.","-1.09435862586772","-0.53531088736335","-0.305859270163333","-0.0796428170272961","0.418765528099862","te_bry"
"b.prev_std.Stock.Scotch.","-1.08515211587061","-0.51919271905665","-0.281089021118332","-0.0649860726055369","0.420093927677069","te_bry"
"b.prev_std.Stock.Seymour.","-1.11769590998849","-0.540717654344327","-0.303689746890063","-0.0852074397285781","0.407612941072727","te_bry"
"b.prev_std.Stock.Stellako.","-1.09595682640103","-0.539296738676142","-0.303799142044109","-0.0796364195418515","0.43701548029968","te_bry"
"b.prev_std.Stock.Weaver.","-1.06046550575713","-0.463296491801345","-0.240958357357664","-0.0273966440495821","0.485337782619049","te_bry"
"prev_std","-1.16224120063204","-0.711875562251897","-0.52876704269727","-0.351309043073577","0.0998061809820287","te_mar"
"b.prev_std.Stock.Birkenhead.","-1.15339131119859","-0.702094013894191","-0.520987752883783","-0.325018097576991","0.148682315555876","te_mar"
"b.prev_std.Stock.Bowron.","-1.21289452495825","-0.758813687837973","-0.56293863613914","-0.373785720699152","0.107194056277821","te_mar"
"b.prev_std.Stock.Chilko.","-1.20071547039966","-0.729332308258449","-0.543148091697586","-0.344230352720812","0.119999361213511","te_mar"
"b.prev_std.Stock.E.Stuart.","-1.24213004471905","-0.75833170734112","-0.563552008171113","-0.372188678352288","0.109387177483408","te_mar"
"b.prev_std.Stock.Fennell.","-1.20443343843287","-0.724324861403651","-0.538079221771497","-0.331469206216866","0.12948787537872","te_mar"
"b.prev_std.Stock.Gates.","-1.15829362527349","-0.700380619897251","-0.516014313251548","-0.305608894839361","0.155786929374943","te_mar"
"b.prev_std.Stock.Harrison.","-1.23125735116429","-0.747024641229799","-0.543547455238009","-0.351237891133229","0.135760144634358","te_mar"
"b.prev_std.Stock.L.Shuswap.","-1.2839774603629","-0.780810443312584","-0.575909530154138","-0.38989013113176","0.0930864332409106","te_mar"
"b.prev_std.Stock.L.Stuart.","-1.13933055461464","-0.682425582244166","-0.487679308451983","-0.29831587980912","0.202258981926231","te_mar"
"b.prev_std.Stock.Nadina.","-1.23081393015884","-0.741748825265754","-0.554410216111062","-0.345662833646776","0.109786100155271","te_mar"
"b.prev_std.Stock.Pitt.","-1.18601839945488","-0.718461604323076","-0.531936096542185","-0.345958403974243","0.107937674239612","te_mar"
"b.prev_std.Stock.Portage.","-1.18588485782596","-0.703193105029934","-0.514735619023093","-0.315191339747402","0.145998984954788","te_mar"
"b.prev_std.Stock.Quesnel.","-1.16754505763607","-0.694343138112883","-0.510289433525548","-0.308843134670282","0.176696428536392","te_mar"
"b.prev_std.Stock.Raft.","-1.21545194704662","-0.728742363939857","-0.542503292238555","-0.352036411339919","0.129008269125773","te_mar"
"b.prev_std.Stock.Scotch.","-1.23446485838525","-0.729395510467636","-0.540995770745714","-0.347354286656731","0.0997156561697909","te_mar"
"b.prev_std.Stock.Seymour.","-1.20598559992908","-0.735069481905443","-0.54394123468672","-0.351006386440991","0.110022701550842","te_mar"
"b.prev_std.Stock.Stellako.","-1.17459972870983","-0.70382116216242","-0.517571258001976","-0.313119940029748","0.155347199869375","te_mar"
"b.prev_std.Stock.Weaver.","-1.17542891508442","-0.674046576517604","-0.487849313057388","-0.278073134931912","0.195079279594497","te_mar"
"prev_std","-0.85553316717198","-0.351657123669133","-0.112591632011602","0.116988614714654","0.681812402895432","ven"
"b.prev_std.Stock.Birkenhead.","-0.874927768270878","-0.327335679050913","-0.0368354711989955","0.248089144925329","0.86579713651331","ven"
"b.prev_std.Stock.Bowron.","-0.864568889346469","-0.290014534709927","-0.0206717197261897","0.253125337950266","0.831956985148446","ven"
"b.prev_std.Stock.Chilko.","-0.768820546709405","-0.216547815909461","0.0591605261480149","0.330246799705729","0.901618762404453","ven"
"b.prev_std.Stock.E.Stuart.","-0.844873988965924","-0.268996939505134","-0.00471275521646436","0.276166568881511","0.90501343655413","ven"
"b.prev_std.Stock.Fennell.","-1.18172143385995","-0.614926900898628","-0.32656055405583","-0.0439438215718435","0.55917826407153","ven"
"b.prev_std.Stock.Gates.","-0.913802923965008","-0.327685677153853","-0.0597840269148602","0.215466102859635","0.828367511021633","ven"
"b.prev_std.Stock.Harrison.","-0.715712880261617","-0.170486083703994","0.0994936626540156","0.393412298166378","1.03458550492005","ven"
"b.prev_std.Stock.L.Shuswap.","-1.04313753798426","-0.489464301927483","-0.211408619330087","0.0682324754564527","0.647623403545915","ven"
"b.prev_std.Stock.L.Stuart.","-0.954335032063388","-0.412575379431628","-0.146556909293523","0.128370182379164","0.702988162814645","ven"
"b.prev_std.Stock.Nadina.","-0.882597522021788","-0.338274469350779","-0.0614555496793121","0.215186949047188","0.812073473883448","ven"
"b.prev_std.Stock.Pitt.","-0.663340630522441","-0.060085594949136","0.244694273864271","0.532515659041746","1.15218964437281","ven"
"b.prev_std.Stock.Portage.","-1.20365790079657","-0.650686614578573","-0.3681735319387","-0.0868623132510614","0.50826937190874","ven"
"b.prev_std.Stock.Quesnel.","-0.844465701563687","-0.326673389809308","-0.0537619481827471","0.213528254778371","0.818033543186268","ven"
"b.prev_std.Stock.Raft.","-0.754712574558303","-0.198388960782368","0.0925813118431485","0.366152780011787","0.975222862423639","ven"
"b.prev_std.Stock.Scotch.","-1.1641361449203","-0.584130608616787","-0.291424709576549","-0.0101985090424001","0.608275663952896","ven"
"b.prev_std.Stock.Seymour.","-1.06286082654795","-0.477245295021599","-0.207943705160794","0.050858697331538","0.625324524116599","ven"
"b.prev_std.Stock.Stellako.","-1.0821693029696","-0.51732288335433","-0.239821029278343","0.0216773910114084","0.602684724069086","ven"
"b.prev_std.Stock.Weaver.","-1.57465608377872","-0.957948181323532","-0.625376193049335","-0.286289126533231","0.366462577220306","ven"
